"Player Name","Team","Pos","Rank","ADP","Diff","Rd","Change","▲/▼","Pos Rk","Tier","Proj","Value","Auction","Floor","Ceiling","Risk Rank","Rookie","Last Updated"
"Christian McCaffrey","SF","RB","1","2","1","1.01","0","▬","1","1","294.7","8.57","76","6","1","1","","Mon, Apr 24"
"Justin Jefferson","MIN","WR","2","3","1","1.02","0","▬","1","1","290.4","7.92","69","7","1","2","","Mon, Apr 24"
"Ja’Marr Chase","CIN","WR","3","5","2","1.03","0","▬","2","1","278.8","7.23","62","8","1","1","","Mon, Apr 24"
"Austin Ekeler","LAC","RB","4","6","2","1.04","1","▲","2","1","271.1","7.18","62","13","1","14","","Mon, Apr 24"
"Travis Kelce","KC","TE","5","7","2","1.05","-1","▼","1","1","236.9","7.17","62","2","1","1","","Mon, Apr 24"
"Tyreek Hill","MIA","WR","6","9","3","1.06","0","▬","3","2","268.7","6.64","56","11","1","8","","Mon, Apr 24"
"Cooper Kupp","LAR","WR","7","8","1","1.07","0","▬","4","2","268.7","6.64","56","11","1","16","","Mon, Apr 24"
"Saquon Barkley","NYG","RB","8","9","1","1.08","0","▬","3","2","256.4","6.32","53","15","1","2","","Mon, Apr 24"
"Bijan Robinson","FA","RB","9","13","4","1.09","1","▲","4","2","252.7","6.10","51","13","1","6","Rookie","Mon, Apr 24"
"Jonathan Taylor","IND","RB","10","6","-4","1.10","-1","▼","5","2","252.2","6.07","51","15","1","6","","Mon, Apr 24"
"Stefon Diggs","BUF","WR","11","14","3","1.11","1","▲","5","2","251.1","5.60","48","14","1","3","","Mon, Apr 24"
"Davante Adams","LVR","WR","12","14","2","1.12","-1","▼","6","2","250.5","5.57","47","14","1","12","","Mon, Apr 24"
"Nick Chubb","CLE","RB","13","18","5","2.01","0","▬","6","2","235.6","5.09","45","16","2","3","","Mon, Apr 24"
"Josh Jacobs","LVR","RB","14","17","3","2.02","1","▲","7","3","232.2","4.90","43","16","2","20","","Mon, Apr 24"
"Derrick Henry","TEN","RB","15","20","5","2.03","-1","▼","8","3","230.4","4.79","43","22","2","4","","Mon, Apr 24"
"Ken Walker","SEA","RB","16","14","-2","2.04","0","▬","9","3","229.4","4.73","42","16","2","15","","Mon, Apr 24"
"Breece Hall","NYJ","RB","17","23","6","2.05","0","▬","10","3","227.4","4.62","42","15","3","22","","Mon, Apr 24"
"CeeDee Lamb","DAL","WR","18","14","-4","2.06","0","▬","7","3","233.9","4.59","42","17","3","9","","Mon, Apr 24"
"A.J. Brown","PHI","WR","19","15","-4","2.07","0","▬","8","3","231.2","4.43","41","17","3","11","","Mon, Apr 24"
"Travis Etienne Jr.","JAX","RB","20","23","3","2.08","0","▬","11","3","223.4","4.38","40","16","3","12","","Mon, Apr 24"
"Jalen Hurts","PHI","QB","21","31","10","2.09","0","▬","1","3","399.4","4.36","40","6","1","8","","Mon, Apr 24"
"Amon-Ra St. Brown","DET","WR","22","20","-2","2.10","3","▲","9","3","225.0","4.07","38","20","5","10","","Mon, Apr 24"
"Tony Pollard","DAL","RB","23","21","-2","2.11","1","▲","12","3","218.2","4.07","38","20","3","6","","Mon, Apr 24"
"Garrett Wilson","NYJ","WR","24","21","-3","2.12","-2","▼","10","3","223.9","4.01","38","22","5","13","","Mon, Apr 24"
"Patrick Mahomes","KC","QB","25","29","4","3.01","-2","▼","2","3","393.1","4.01","38","8","1","1","","Mon, Apr 24"
"Mark Andrews","BAL","TE","26","33","7","3.02","1","▲","2","3","174.5","3.64","35","6","2","7","","Mon, Apr 24"
"Josh Allen","BUF","QB","27","27","0","3.03","-1","▼","3","3","386.4","3.63","35","9","1","2","","Mon, Apr 24"
"Tee Higgins","CIN","WR","28","26","-2","3.04","0","▬","11","3","213.0","3.36","33","28","5","4","","Mon, Apr 24"
"Chris Olave","NO","WR","29","28","-1","3.05","0","▬","12","3","210.3","3.20","32","31","5","21","","Mon, Apr 24"
"Najee Harris","PIT","RB","30","33","3","3.06","0","▬","13","3","202.2","3.13","31","30","6","11","","Mon, Apr 24"
"Jaylen Waddle","MIA","WR","31","21","-10","3.07","0","▬","13","3","208.3","3.09","31","33","7","6","","Mon, Apr 24"
"DK Metcalf","SEA","WR","32","32","0","3.08","0","▬","14","4","203.1","2.78","28","33","7","26","","Mon, Apr 24"
"Rhamondre Stevenson","NE","RB","33","27","-6","3.09","0","▬","14","4","195.5","2.74","28","32","6","39","","Mon, Apr 24"
"T.J. Hockenson","MIN","TE","34","38","4","3.10","0","▬","3","4","156.2","2.61","27","11","2","2","","Mon, Apr 24"
"DeVonta Smith","PHI","WR","35","26","-9","3.11","1","▲","15","4","197.6","2.46","26","36","7","14","","Mon, Apr 24"
"Deebo Samuel","SF","WR","36","37","1","3.12","1","▲","16","4","197.3","2.44","26","47","7","17","","Mon, Apr 24"
"Aaron Jones","GB","RB","37","44","7","4.01","1","▲","15","4","190.3","2.43","25","39","6","54","","Mon, Apr 24"
"George Kittle","SF","TE","38","53","15","4.02","1","▲","4","4","146.5","2.06","22","11","2","6","","Mon, Apr 24"
"Kyle Pitts","ATL","TE","39","61","22","4.03","1","▲","5","4","143.4","1.89","21","11","3","12","","Mon, Apr 24"
"Amari Cooper","CLE","WR","40","38","-2","4.04","1","▲","17","4","187.6","1.87","20","50","9","5","","Mon, Apr 24"
"Joe Burrow","CIN","QB","41","44","3","4.05","1","▲","4","4","353.7","1.80","20","16","1","4","","Mon, Apr 24"
"Keenan Allen","LAC","WR","42","46","4","4.06","2","▲","18","4","186.0","1.69","18","50","9","7","","Mon, Apr 24"
"David Montgomery","DET","RB","43","63","20","4.07","0","▬","16","4","177.4","1.67","18","37","12","9","","Mon, Apr 24"
"Miles Sanders","CAR","RB","44","56","12","4.08","3","▲","17","4","177.3","1.66","18","37","12","18","","Mon, Apr 24"
"Dallas Goedert","PHI","TE","45","66","21","4.09","1","▲","6","4","138.8","1.63","18","12","3","4","","Mon, Apr 24"
"Michael Pittman Jr.","IND","WR","46","57","11","4.10","-1","▼","19","4","184.9","1.63","18","50","9","39","","Mon, Apr 24"
"Dalvin Cook","MIN","RB","47","41","-6","4.11","-12","▼","18","4","176.8","1.55","17","46","6","19","","Mon, Apr 24"
"Mike Williams","LAC","WR","48","50","2","4.12","1","▲","20","4","183.3","1.54","16","50","9","19","","Mon, Apr 24"
"DeAndre Hopkins","ARI","WR","49","42","-7","5.01","-1","▼","21","4","182.4","1.48","16","50","10","24","","Mon, Apr 24"
"Terry McLaurin","WAS","WR","50","53","3","5.02","0","▬","22","4","181.8","1.45","15","50","11","42","","Mon, Apr 24"
"Jahmyr Gibbs","FA","RB","51","139","88","5.03","0","▬","19","4","174.3","1.41","15","43","12","26","Rookie","Mon, Apr 24"
"Calvin Ridley","JAX","WR","52","56","4","5.04","0","▬","23","4","180.9","1.40","15","52","9","15","","Mon, Apr 24"
"Drake London","ATL","WR","53","52","-1","5.05","2","▲","24","4","178.9","1.29","13","50","11","71","","Mon, Apr 24"
"Joe Mixon","CIN","RB","54","56","2","5.06","-1","▼","20","4","171.2","1.24","12","50","8","5","","Mon, Apr 24"
"Justin Fields","CHI","QB","55","49","-6","5.07","-1","▼","5","4","343.7","1.24","12","16","2","19","","Mon, Apr 24"
"D’Andre Swift","DET","RB","56","58","2","5.08","0","▬","21","4","171.0","1.23","12","43","13","13","","Mon, Apr 24"
"Chris Godwin","TB","WR","57","52","-5","5.09","0","▬","25","4","176.8","1.17","11","54","11","61","","Mon, Apr 24"
"Isiah Pacheco","KC","RB","58","70","12","5.10","0","▬","22","4","168.8","1.11","10","38","13","48","","Mon, Apr 24"
"Christian Watson","GB","WR","59","50","-9","5.11","0","▬","26","4","173.9","1.01","10","51","13","66","","Mon, Apr 24"
"Zach Charbonnet","FA","RB","60","165","105","5.12","0","▬","23","5","166.0","0.98","10","46","13","26","Rookie","Mon, Apr 24"
"Jaxon Smith-Njigba","FA","WR","61","138","77","6.01","0","▬","27","5","172.8","0.98","10","56","11","26","Rookie","Mon, Apr 24"
"Cam Akers","LAR","RB","62","60","-2","6.02","0","▬","24","5","165.2","0.98","10","42","13","73","","Mon, Apr 24"
"Tyler Lockett","SEA","WR","63","58","-5","6.03","0","▬","28","5","170.1","0.98","10","57","12","52","","Mon, Apr 24"
"Khalil Herbert","CHI","RB","64","85","21","6.04","0","▬","25","5","162.8","0.98","10","42","14","31","","Mon, Apr 24"
"DJ Moore","CHI","WR","65","42","-23","6.05","0","▬","29","5","169.5","0.98","10","58","12","36","","Mon, Apr 24"
"Jerry Jeudy","DEN","WR","66","54","-12","6.06","0","▬","30","5","169.1","0.98","10","55","14","61","","Mon, Apr 24"
"Brandon Aiyuk","SF","WR","67","69","2","6.07","1","▲","31","5","168.1","0.98","10","59","13","32","","Mon, Apr 24"
"Rachaad White","TB","RB","68","80","12","6.08","-1","▼","26","5","160.9","0.98","10","44","14","85","","Mon, Apr 24"
"Tyler Allgeier","ATL","RB","69","75","6","6.09","1","▲","27","5","160.3","0.98","10","45","14","41","","Mon, Apr 24"
"Christian Kirk","JAX","WR","70","63","-7","6.10","1","▲","32","5","166.8","0.98","10","60","13","24","","Mon, Apr 24"
"Dameon Pierce","HOU","RB","71","52","-19","6.11","1","▲","28","5","158.9","0.98","10","46","14","87","","Mon, Apr 24"
"AJ Dillon","GB","RB","72","94","22","6.12","1","▲","29","5","156.9","0.98","10","46","14","65","","Mon, Apr 24"
"Lamar Jackson","BAL","QB","73","61","-12","7.01","1","▲","6","5","328.2","0.98","10","20","1","13","","Mon, Apr 24"
"Alvin Kamara","NO","RB","74","82","8","7.02","1","▲","30","5","154.3","0.97","9","66","13","32","","Mon, Apr 24"
"Darren Waller","NYG","TE","75","79","4","7.03","1","▲","7","5","132.1","0.97","9","15","3","10","","Mon, Apr 24"
"Rashaad Penny","PHI","RB","76","92","16","7.04","1","▲","31","5","153.9","0.97","9","46","16","36","","Mon, Apr 24"
"Brandin Cooks","DAL","WR","77","95","18","7.05","2","▲","33","5","158.1","0.97","9","62","15","26","","Mon, Apr 24"
"James Conner","ARI","RB","78","78","0","7.06","0","▬","32","5","151.1","0.97","9","56","15","77","","Mon, Apr 24"
"Kadarius Toney","KC","WR","79","91","12","7.07","2","▲","34","5","157.7","0.97","9","56","19","18","","Mon, Apr 24"
"Evan Engram","JAX","TE","80","87","7","7.08","2","▲","8","5","129.7","0.97","9","16","3","3","","Mon, Apr 24"
"James Cook","BUF","RB","81","86","5","7.09","2","▲","33","5","149.9","0.97","9","46","16","22","","Mon, Apr 24"
"Marquise Brown","ARI","WR","82","73","-9","7.10","-2","▼","35","5","156.6","0.97","9","67","15","48","","Mon, Apr 24"
"J.K. Dobbins","BAL","RB","83","51","-32","7.11","2","▲","34","5","149.0","0.97","9","52","16","17","","Mon, Apr 24"
"Justin Herbert","LAC","QB","84","65","-19","7.12","0","▬","7","5","320.4","0.97","9","21","3","3","","Mon, Apr 24"
"Jahan Dotson","WAS","WR","85","88","3","8.01","2","▲","36","5","154.8","0.97","9","60","19","59","","Mon, Apr 24"
"Mike Evans","TB","WR","86","71","-15","8.02","0","▬","37","6","154.2","0.97","9","68","17","33","","Mon, Apr 24"
"Jakobi Meyers","LVR","WR","87","103","16","8.03","2","▲","38","6","152.8","0.97","9","62","17","84","","Mon, Apr 24"
"Diontae Johnson","PIT","WR","88","78","-10","8.04","2","▲","39","6","152.5","0.97","9","69","17","34","","Mon, Apr 24"
"Treylon Burks","TEN","WR","89","80","-9","8.05","-1","▼","40","6","152.4","0.97","9","60","24","69","","Mon, Apr 24"
"Brian Robinson Jr.","WAS","RB","90","94","4","8.06","4","▲","35","6","145.4","0.97","9","53","16","61","","Mon, Apr 24"
"Michael Thomas","NO","WR","91","108","17","8.07","0","▬","41","6","152.2","0.97","9","73","15","43","","Mon, Apr 24"
"Pat Freiermuth","PIT","TE","92","96","4","8.08","0","▬","9","6","127.2","0.97","9","16","3","11","","Mon, Apr 24"
"Zay Flowers","FA","WR","93","179","86","8.09","0","▬","42","6","151.8","0.97","9","70","17","26","Rookie","Mon, Apr 24"
"Gabe Davis","BUF","WR","94","92","-2","8.10","1","▲","43","6","151.7","0.97","9","70","17","35","","Mon, Apr 24"
"Courtland Sutton","DEN","WR","95","95","0","8.11","1","▲","44","6","151.2","0.97","9","66","18","66","","Mon, Apr 24"
"Jordan Addison","FA","WR","96","167","71","8.12","1","▲","45","6","150.8","0.97","9","71","17","26","Rookie","Mon, Apr 24"
"Juju Smith-Schuster","NE","WR","97","107","10","9.01","2","▲","46","6","150.4","0.97","9","71","17","92","","Mon, Apr 24"
"George Pickens","PIT","WR","98","81","-17","9.02","0","▬","47","6","150.0","0.97","9","67","19","81","","Mon, Apr 24"
"Quentin Johnston","FA","WR","99","157","58","9.03","1","▲","48","6","149.8","0.97","9","71","17","26","Rookie","Mon, Apr 24"
"David Njoku","CLE","TE","100","97","-3","9.04","2","▲","10","6","127.0","0.96","8","16","4","5","","Mon, Apr 24"
"Trevor Lawrence","JAX","QB","101","68","-33","9.05","0","▬","8","6","314.3","0.96","8","19","4","16","","Mon, Apr 24"
"Javonte Williams","DEN","RB","102","64","-38","9.06","1","▲","36","6","141.3","0.96","8","60","16","53","","Mon, Apr 24"
"Jameson Williams","DET","WR","103","72","-31","9.07","-34","▼","49","6","146.4","0.96","8","57","33","23","","Mon, Apr 24"
"Antonio Gibson","WAS","RB","104","113","9","9.08","1","▲","37","6","132.2","0.95","8","70","19","46","","Mon, Apr 24"
"Deshaun Watson","CLE","QB","105","85","-20","9.09","-1","▼","9","6","304.8","0.95","8","23","4","5","","Mon, Apr 24"
"Rashod Bateman","BAL","WR","106","93","-13","9.10","0","▬","50","6","139.2","0.95","8","68","32","92","","Mon, Apr 24"
"Damien Harris","BUF","RB","107","106","-1","9.11","0","▬","38","6","131.3","0.95","8","67","20","16","","Mon, Apr 24"
"Alexander Mattison","MIN","RB","108","114","6","9.12","24","▲","39","6","129.4","0.95","8","66","25","64","","Mon, Apr 24"
"Jamaal Williams","NO","RB","109","97","-12","10.01","0","▬","40","6","129.3","0.95","8","70","22","51","","Mon, Apr 24"
"Daniel Jones","NYG","QB","110","99","-11","10.02","4","▲","10","6","301.8","0.95","8","21","4","18","","Mon, Apr 24"
"Tyler Boyd","CIN","WR","111","128","17","10.03","-1","▼","51","6","136.6","0.95","8","85","25","38","","Mon, Apr 24"
"Raheem Mostert","MIA","RB","112","132","20","10.04","-1","▼","41","6","128.7","0.95","8","70","22","118","","Mon, Apr 24"
"Allen Lazard","NYJ","WR","113","125","12","10.05","-1","▼","52","6","135.5","0.95","8","77","28","41","","Mon, Apr 24"
"Tyjae Spears","FA","RB","114","258","144","10.06","4","▲","42","6","127.5","0.95","8","72","19","42","Rookie","Mon, Apr 24"
"Odell Beckham Jr.","BAL","WR","115","155","40","10.07","-2","▼","53","6","135.2","0.95","8","87","25","100","","Mon, Apr 24"
"Devon Achane","FA","RB","116","219","103","10.08","-8","▼","43","6","126.3","0.95","8","73","20","26","Rookie","Mon, Apr 24"
"Dak Prescott","DAL","QB","117","85","-32","10.09","-2","▼","11","6","298.9","0.95","8","23","4","8","","Mon, Apr 24"
"K.J. Osborn","MIN","WR","118","139","21","10.10","-2","▼","54","6","134.0","0.95","8","80","30","68","","Mon, Apr 24"
"Dawson Knox","BUF","TE","119","122","3","10.11","1","▲","11","6","111.1","0.94","7","29","6","8","","Mon, Apr 24"
"Tua Tagovailoa","MIA","QB","120","97","-23","10.12","-1","▼","12","6","297.8","0.94","7","22","5","14","","Mon, Apr 24"
"Elijah Moore","CLE","WR","121","109","-12","11.01","1","▲","55","6","132.1","0.94","7","77","33","19","","Mon, Apr 24"
"RB CIN Drafts","CIN","RB","122","396","274","11.02","2","▲","44","6","123.3","0.94","7","183","183","100","","Mon, Apr 24"
"Elijah Mitchell","SF","RB","123","117","-6","11.03","2","▲","45","6","123.1","0.94","7","70","25","9","","Mon, Apr 24"
"Aaron Rodgers","NYJ","QB","124","119","-5","11.04","-7","▼","13","6","295.4","0.94","7","29","4","6","","Mon, Apr 24"
"Darnell Mooney","CHI","WR","125","111","-14","11.05","2","▲","56","7","129.7","0.94","7","87","33","102","","Mon, Apr 24"
"Zay Jones","JAX","WR","126","125","-1","11.06","4","▲","57","7","127.8","0.94","7","87","33","53","","Mon, Apr 24"
"Dalton Schultz","HOU","TE","127","115","-12","11.07","2","▲","12","7","107.0","0.93","7","31","7","37","","Mon, Apr 24"
"Josh Downs","FA","WR","128","214","86","11.08","-5","▼","58","7","126.1","0.93","7","92","32","43","Rookie","Mon, Apr 24"
"Kirk Cousins","MIN","QB","129","101","-28","11.09","-1","▼","14","7","290.6","0.93","7","26","5","7","","Mon, Apr 24"
"Jared Goff","DET","QB","130","115","-15","11.10","-4","▼","15","7","290.4","0.93","7","26","5","11","","Mon, Apr 24"
"Adam Thielen","CAR","WR","131","138","7","11.11","0","▬","59","7","125.8","0.93","7","93","31","154","","Mon, Apr 24"
"Kareem Hunt","FA","RB","132","141","9","11.12","1","▲","46","7","112.8","0.92","6","79","29","34","","Mon, Apr 24"
"Samaje Perine","DEN","RB","133","128","-5","12.01","2","▲","47","7","112.3","0.92","6","73","35","105","","Mon, Apr 24"
"Chuba Hubbard","CAR","RB","134","173","39","12.02","2","▲","48","7","111.8","0.92","6","75","35","83","","Mon, Apr 24"
"Israel Abanikanda","FA","RB","135","264","129","12.03","19","▲","49","7","110.6","0.92","6","83","29","65","Rookie","Mon, Apr 24"
"Joshua Palmer","LAC","WR","136","140","4","12.04","2","▲","60","7","117.9","0.92","6","93","38","47","","Mon, Apr 24"
"Alec Pierce","IND","WR","137","153","16","12.05","0","▬","61","7","117.4","0.92","6","90","49","94","","Mon, Apr 24"
"Roschon Johnson","FA","RB","138","255","117","12.06","-4","▼","50","7","109.6","0.91","6","84","30","42","Rookie","Mon, Apr 24"
"Skyy Moore","KC","WR","139","132","-7","12.07","0","▬","62","7","116.2","0.91","6","87","50","22","","Mon, Apr 24"
"Jeff Wilson Jr.","MIA","RB","140","129","-11","12.08","0","▬","51","7","109.0","0.91","6","76","35","122","","Mon, Apr 24"
"Marvin Mims","FA","WR","141","277","136","12.09","43","▲","63","7","115.8","0.91","6","100","34","50","Rookie","Mon, Apr 24"
"Donovan Peoples-Jones","CLE","WR","142","123","-19","12.10","0","▬","64","7","115.4","0.91","6","95","46","56","","Mon, Apr 24"
"Jalin Hyatt","FA","WR","143","208","65","12.11","-22","▼","65","7","115.3","0.91","6","101","35","43","Rookie","Mon, Apr 24"
"Tank Bigsby","FA","RB","144","237","93","12.12","-3","▼","52","7","108.4","0.91","6","85","30","42","Rookie","Mon, Apr 24"
"Wan’Dale Robinson","NYG","WR","145","138","-7","13.01","-1","▼","66","7","114.9","0.91","6","88","51","135","","Mon, Apr 24"
"Cordarrelle Patterson","ATL","RB","146","159","13","13.02","-1","▼","53","8","107.4","0.91","6","80","35","49","","Mon, Apr 24"
"Jerick McKinnon","KC","RB","147","170","23","13.03","0","▬","54","8","107.0","0.91","6","81","35","134","","Mon, Apr 24"
"Jaylen Warren","PIT","RB","148","158","10","13.04","-5","▼","55","8","106.9","0.91","6","75","37","86","","Mon, Apr 24"
"Michael Gallup","DAL","WR","149","152","3","13.05","-1","▼","67","8","113.4","0.91","6","98","49","73","","Mon, Apr 24"
"Ezekiel Elliott","FA","RB","150","132","-18","13.06","-1","▼","56","8","105.3","0.90","5","95","23","25","","Mon, Apr 24"
"Curtis Samuel","WAS","WR","151","173","22","13.07","-1","▼","68","8","111.2","0.90","5","100","49","152","","Mon, Apr 24"
"Hunter Renfrow","LVR","WR","152","153","1","13.08","0","▬","69","8","110.6","0.90","5","100","49","88","","Mon, Apr 24"
"Geno Smith","SEA","QB","153","116","-37","13.09","-2","▼","16","8","276.5","0.90","5","28","6","22","","Mon, Apr 24"
"Chigoziem Okonkwo","TEN","TE","154","134","-20","13.10","-1","▼","13","8","103.3","0.90","5","32","8","51","","Mon, Apr 24"
"Kendre Miller","FA","RB","155","248","93","13.11","23","▲","57","8","102.5","0.90","5","88","34","42","Rookie","Mon, Apr 24"
"Isaiah Hodgins","NYG","WR","156","174","18","13.12","0","▬","70","8","109.0","0.90","5","94","51","130","","Mon, Apr 24"
"Zach Evans","FA","RB","157","259","102","14.01","-2","▼","58","8","101.8","0.90","5","88","35","35","Rookie","Mon, Apr 24"
"Deuce Vaughn","FA","RB","158","330","172","14.02","11","▲","59","8","101.3","0.90","5","88","35","65","Rookie","Mon, Apr 24"
"Cole Kmet","CHI","TE","159","125","-34","14.03","-1","▼","14","8","101.2","0.89","5","33","8","25","","Mon, Apr 24"
"Russell Wilson","DEN","QB","160","129","-31","14.04","-3","▼","17","8","273.9","0.89","5","34","6","11","","Mon, Apr 24"
"Juwan Johnson","NO","TE","161","155","-6","14.05","-2","▼","15","8","100.1","0.89","5","34","9","12","","Mon, Apr 24"
"Devin Singletary","HOU","RB","162","142","-20","14.06","-2","▼","60","8","100.3","0.89","5","88","36","110","","Mon, Apr 24"
"Rondale Moore","ARI","WR","163","137","-26","14.07","-2","▼","71","8","106.6","0.89","5","96","54","133","","Mon, Apr 24"
"WR Min Drafts","MIN","WR","164","396","232","14.08","-2","▼","72","8","106.2","0.89","5","237","237","100","","Mon, Apr 24"
"DeWayne McBride","FA","RB","165","290","125","14.09","21","▲","61","8","99.2","0.89","5","90","35","57","Rookie","Mon, Apr 24"
"Jerome Ford","CLE","RB","166","223","57","14.10","-1","▼","62","8","99.0","0.89","5","73","46","63","","Mon, Apr 24"
"Kenny McIntosh","FA","RB","167","312","145","14.11","-3","▼","63","8","98.6","0.89","5","90","35","57","Rookie","Mon, Apr 24"
"Leonard Fournette","FA","RB","168","153","-15","14.12","-2","▼","64","8","98.3","0.89","5","90","35","24","","Mon, Apr 24"
"Romeo Doubs","GB","WR","169","145","-24","15.01","-1","▼","73","8","104.7","0.89","5","99","55","136","","Mon, Apr 24"
"Hayden Hurst","CAR","TE","170","189","19","15.02","-3","▼","16","8","96.7","0.89","5","36","11","54","","Mon, Apr 24"
"DeVante Parker","NE","WR","171","214","43","15.03","0","▬","74","8","104.5","0.89","5","107","50","166","","Mon, Apr 24"
"Greg Dulcich","DEN","TE","172","127","-45","15.04","-2","▼","17","8","96.5","0.89","5","33","11","23","","Mon, Apr 24"
"Chase Brown","FA","RB","173","303","130","15.05","-10","▼","65","8","96.5","0.88","4","93","36","57","Rookie","Mon, Apr 24"
"Nico Collins","HOU","WR","174","142","-32","15.06","-2","▼","75","8","102.6","0.88","4","100","56","105","","Mon, Apr 24"
"Evan Hull","FA","RB","175","310","135","15.07","425","▲","66","9","95.0","0.88","4","94","36","65","Rookie","Mon, Apr 24"
"Rashid Shaheed","NO","WR","176","157","-19","15.08","-2","▼","76","9","101.2","0.88","4","102","57","96","","Mon, Apr 24"
"Corey Davis","FA","WR","177","222","45","15.09","-2","▼","77","9","99.9","0.87","4","114","53","72","","Mon, Apr 24"
"Khalil Shakir","BUF","WR","178","234","56","15.10","-1","▼","78","9","99.6","0.87","4","99","60","46","","Mon, Apr 24"
"Mecole Hardman","NYJ","WR","179","375","196","15.11","-3","▼","79","9","99.4","0.87","4","114","54","69","","Mon, Apr 24"
"Derek Carr","NO","QB","180","144","-36","15.12","-7","▼","18","9","265.3","0.87","4","31","8","17","","Mon, Apr 24"
"DJ Chark Jr.","CAR","WR","181","143","-38","16.01","-2","▼","80","9","98.3","0.87","4","117","54","137","","Mon, Apr 24"
"Marquez Valdes-Scantling","KC","WR","182","175","-7","16.02","-2","▼","81","9","97.6","0.87","4","116","55","48","","Mon, Apr 24"
"Kenneth Gainwell","PHI","RB","183","121","-62","16.03","-2","▼","67","9","90.5","0.87","4","89","42","29","","Mon, Apr 24"
"Gus Edwards","BAL","RB","184","195","11","16.04","-2","▼","68","9","90.4","0.87","4","89","42","56","","Mon, Apr 24"
"Sean Tucker","FA","RB","185","244","59","16.05","-39","▼","69","9","89.3","0.86","3","100","37","57","Rookie","Mon, Apr 24"
"WR LAR Drafts","LAR","WR","186","396","210","16.06","-3","▼","82","9","96.0","0.86","3","237","237","100","","Mon, Apr 24"
"Terrace Marshall Jr.","CAR","WR","187","191","4","16.07","-2","▼","83","9","95.7","0.86","3","111","60","154","","Mon, Apr 24"
"Marvin Jones Jr.","DET","WR","188","263","75","16.08","3","▲","84","9","95.6","0.86","3","125","51","78","","Mon, Apr 24"
"Tyquan Thornton","NE","WR","189","186","-3","16.09","-2","▼","85","9","94.4","0.86","3","103","60","165","","Mon, Apr 24"
"John Metchie III","HOU","WR","190","199","9","16.10","-2","▼","86","9","93.8","0.86","3","126","52","94","","Mon, Apr 24"
"Rashee Rice","FA","WR","191","288","97","16.11","-1","▼","87","9","92.3","0.85","3","129","54","50","Rookie","Mon, Apr 24"
"Jimmy Garoppolo","LVR","QB","192","177","-15","16.12","-3","▼","19","10","256.7","0.84","2","34","9","20","","Mon, Apr 24"
"Tim Patrick","DEN","WR","193","202","9","17.01","-1","▼","88","10","89.8","0.84","2","136","56","162","","Mon, Apr 24"
"Chris Rodriguez","FA","RB","194","396","202","17.02","406","▲","70","10","82.0","0.84","2","112","41","65","Rookie","Mon, Apr 24"
"Michael Mayer","FA","TE","195","259","64","17.03","-2","▼","18","10","96.3","0.84","2","31","11","16","Rookie","Mon, Apr 24"
"Noah Fant","SEA","TE","196","179","-17","17.04","-1","▼","19","10","95.6","0.84","2","37","11","16","","Mon, Apr 24"
"Kyren Williams","LAR","RB","197","245","48","17.05","0","▬","71","10","80.8","0.84","2","85","60","120","","Mon, Apr 24"
"Gerald Everett","LAC","TE","198","157","-41","17.06","0","▬","20","10","94.8","0.83","2","37","11","15","","Mon, Apr 24"
"Robert Woods","HOU","WR","199","195","-4","17.07","-3","▼","89","10","87.1","0.83","2","141","57","131","","Mon, Apr 24"
"Tyler Conklin","NYJ","TE","200","277","77","17.08","0","▬","21","10","93.9","0.83","2","38","11","19","","Mon, Apr 24"
"Trey McBride","ARI","TE","201","164","-37","17.09","-2","▼","22","10","93.9","0.83","2","31","11","29","","Mon, Apr 24"
"Anthony Richardson","FA","QB","202","255","53","17.10","-8","▼","20","10","253.1","0.83","2","34","9","24","Rookie","Mon, Apr 24"
"RB Dallas Drafts","DAL","RB","203","396","193","17.11","-1","▼","72","10","79.5","0.83","2","183","183","100","","Mon, Apr 24"
"Tyler Higbee","LAR","TE","204","153","-51","17.12","-1","▼","23","10","93.0","0.83","2","39","11","38","","Mon, Apr 24"
"Russell Gage","TB","WR","205","214","9","18.01","-4","▼","90","10","86.0","0.83","2","129","60","159","","Mon, Apr 24"
"Kayshon Boutte","FA","WR","206","253","47","18.02","-2","▼","91","10","84.9","0.83","2","142","58","59","Rookie","Mon, Apr 24"
"RB ATL Drafts","ATL","RB","207","396","189","18.03","-2","▼","73","10","78.1","0.83","2","183","183","100","","Mon, Apr 24"
"Michael Carter","NYJ","RB","208","177","-31","18.04","-2","▼","74","10","76.7","0.82","1","105","46","98","","Mon, Apr 24"
"Hunter Henry","NE","TE","209","191","-18","18.05","-1","▼","24","10","89.4","0.82","1","43","11","30","","Mon, Apr 24"
"Denzel Mims","NYJ","WR","210","396","186","18.06","-1","▼","92","10","83.2","0.82","1","121","71","100","","Mon, Apr 24"
"Mike Gesicki","NE","TE","211","163","-48","18.07","0","▬","25","11","88.2","0.82","1","43","11","53","","Mon, Apr 24"
"Taysom Hill","NO","TE","212","164","-48","18.08","-2","▼","26","11","87.9","0.82","1","43","11","100","","Mon, Apr 24"
"Van Jefferson","LAR","WR","213","210","-3","18.09","0","▬","93","11","81.7","0.81","1","138","62","129","","Mon, Apr 24"
"Dalton Kincaid","FA","TE","214","278","64","18.10","1","▲","27","11","85.5","0.81","1","37","13","21","Rookie","Mon, Apr 24"
"Nick Westbrook-Ikhine","TEN","WR","215","277","62","18.11","-1","▼","94","11","80.4","0.81","1","126","71","100","","Mon, Apr 24"
"Isaiah Likely","BAL","TE","216","199","-17","18.12","0","▬","28","11","84.9","0.81","1","40","12","100","","Mon, Apr 24"
"Bryce Young","FA","QB","217","236","19","19.01","-5","▼","21","11","247.0","0.81","1","34","11","24","Rookie","Mon, Apr 24"
"Allen Robinson II","PIT","WR","218","196","-22","19.02","-1","▼","95","11","79.5","0.81","1","151","60","88","","Mon, Apr 24"
"JaMycal Hasty","JAX","RB","219","244","25","19.03","-1","▼","75","11","72.3","0.81","1","95","61","100","","Mon, Apr 24"
"RB Bucs Sign","TB","RB","220","396","176","19.04","-1","▼","76","11","70.5","0.80","1","183","183","100","","Mon, Apr 24"
"Jonathan Mingo","FA","WR","221","324","103","19.05","54","▲","96","11","77.3","0.80","1","151","60","96","Rookie","Mon, Apr 24"
"Jayden Reed","FA","WR","222","348","126","19.06","-2","▼","97","11","77.2","0.80","1","151","60","63","Rookie","Mon, Apr 24"
"David Bell","CLE","WR","223","255","32","19.07","-2","▼","98","11","77.0","0.80","1","125","77","37","","Mon, Apr 24"
"Irv Smith Jr.","CIN","TE","224","232","8","19.08","-1","▼","29","11","79.1","0.79","1","44","14","9","","Mon, Apr 24"
"O.J. Howard","LVR","TE","225","338","113","19.09","-1","▼","30","11","78.6","0.79","1","49","12","34","","Mon, Apr 24"
"D’Onta Foreman","CHI","RB","226","119","-107","19.10","-1","▼","77","11","69.1","0.79","1","112","57","38","","Mon, Apr 24"
"Zack Moss","IND","RB","227","229","2","19.11","-1","▼","78","11","68.5","0.79","1","112","57","108","","Mon, Apr 24"
"Isaiah McKenzie","IND","WR","228","223","-5","19.12","-1","▼","99","11","75.1","0.79","1","137","75","160","","Mon, Apr 24"
"Zamir White","LVR","RB","229","196","-33","20.01","-1","▼","79","11","67.4","0.79","1","94","70","96","","Mon, Apr 24"
"RB PHI Drafts","PHI","RB","230","396","166","20.02","1","▲","80","11","67.0","0.79","1","183","183","100","","Mon, Apr 24"
"Trey Palmer","FA","WR","231","364","133","20.03","-1","▼","100","11","73.7","0.78","1","154","64","96","Rookie","Mon, Apr 24"
"Darnell Washington","FA","TE","232","297","65","20.04","-3","▼","31","11","75.4","0.78","1","44","21","21","Rookie","Mon, Apr 24"
"Joshua Kelley","LAC","RB","233","197","-36","20.05","-1","▼","81","11","66.6","0.78","1","106","67","90","","Mon, Apr 24"
"Kendrick Bourne","NE","WR","234","252","18","20.06","-1","▼","101","11","73.3","0.78","1","151","70","161","","Mon, Apr 24"
"Jelani Woods","IND","TE","235","210","-25","20.07","-1","▼","32","11","73.7","0.78","1","49","16","50","","Mon, Apr 24"
"A.T. Perry","FA","WR","236","332","96","20.08","-29","▼","102","11","72.1","0.78","1","157","67","63","Rookie","Mon, Apr 24"
"Deon Jackson","IND","RB","237","336","99","20.09","-2","▼","82","11","65.1","0.78","1","109","67","100","","Mon, Apr 24"
"Logan Thomas","WAS","TE","238","244","6","20.10","-2","▼","33","11","71.9","0.77","1","49","16","60","","Mon, Apr 24"
"Kyler Murray","ARI","QB","239","148","-91","20.11","-17","▼","22","11","238.0","0.77","1","35","9","10","","Mon, Apr 24"
"Cade Otton","TB","TE","240","237","-3","20.12","-2","▼","34","11","70.4","0.77","1","49","23","58","","Mon, Apr 24"
"Darius Slayton","NYG","WR","241","187","-54","21.01","-2","▼","103","11","70.0","0.77","1","151","73","139","","Mon, Apr 24"
"Braxton Berrios","MIA","WR","242","267","25","21.02","-2","▼","104","11","69.8","0.77","1","143","81","83","","Mon, Apr 24"
"Cedric Tillman","FA","WR","243","288","45","21.03","-1","▼","105","11","69.6","0.77","1","160","68","75","Rookie","Mon, Apr 24"
"Laviska Shenault Jr.","CAR","WR","244","261","17","21.04","-1","▼","106","11","69.6","0.77","1","147","77","100","","Mon, Apr 24"
"RB DEN Drafts","DEN","RB","245","396","151","21.05","-1","▼","83","11","62.6","0.77","1","183","183","100","","Mon, Apr 24"
"Jake Ferguson","DAL","TE","246","275","29","21.06","-1","▼","35","11","68.8","0.77","1","49","27","100","","Mon, Apr 24"
"Sam LaPorta","FA","TE","247","313","66","21.07","0","▬","36","11","67.5","0.76","1","49","27","27","Rookie","Mon, Apr 24"
"Ronald Jones II","DAL","RB","248","264","16","21.08","2","▲","84","11","61.3","0.76","1","183","183","100","","Mon, Apr 24"
"Greg Dortch","ARI","WR","249","301","52","21.09","-3","▼","107","11","68.1","0.76","1","145","82","100","","Mon, Apr 24"
"WR HOU Drafts","HOU","WR","250","396","146","21.10","-2","▼","108","11","68.0","0.76","1","237","237","100","","Mon, Apr 24"
"WR HOU Drafts","HOU","WR","251","396","145","21.11","-3","▼","108","11","68.0","0.76","1","237","237","100","","Mon, Apr 24"
"Nathaniel Dell","FA","WR","252","357","105","21.12","-1","▼","110","11","67.9","0.76","1","162","70","54","Rookie","Mon, Apr 24"
"CJ Stroud","FA","QB","253","240","-13","22.01","-12","▼","23","11","234.9","0.76","1","34","16","24","Rookie","Mon, Apr 24"
"Kenny Pickett","PIT","QB","254","172","-82","22.02","-17","▼","24","11","234.8","0.76","1","35","16","31","","Mon, Apr 24"
"Josh Reynolds","DET","WR","255","250","-5","22.03","8","▲","111","11","67.3","0.76","1","151","80","77","","Mon, Apr 24"
"Chase Edmonds","TB","RB","256","201","-55","22.04","-3","▼","85","11","60.3","0.76","1","128","65","123","","Mon, Apr 24"
"Zach Ertz","ARI","TE","257","181","-76","22.05","-5","▼","37","11","65.8","0.76","1","61","16","23","","Mon, Apr 24"
"Matthew Stafford","LAR","QB","258","158","-100","22.06","-4","▼","25","11","233.4","0.75","1","35","9","15","","Mon, Apr 24"
"Tyler Scott","FA","WR","259","349","90","22.07","-4","▼","112","11","65.6","0.75","1","166","71","54","Rookie","Mon, Apr 24"
"Will Dissly","SEA","TE","260","326","66","22.08","-4","▼","38","11","63.6","0.75","1","55","27","100","","Mon, Apr 24"
"Mack Hollins","ATL","WR","261","244","-17","22.09","-2","▼","113","11","64.6","0.75","1","151","84","100","","Mon, Apr 24"
"RB ARI Drafts","ARI","RB","262","396","134","22.10","-5","▼","86","11","57.6","0.75","1","183","183","100","","Mon, Apr 24"
"Austin Hooper","LVR","TE","263","263","0","22.11","-5","▼","39","11","62.1","0.75","1","61","24","14","","Mon, Apr 24"
"Clyde Edwards-Helaire","KC","RB","264","185","-79","22.12","-2","▼","87","11","57.0","0.74","1","139","65","40","","Mon, Apr 24"
"Brock Wright","DET","TE","265","341","76","23.01","-4","▼","40","11","60.8","0.74","1","50","31","100","","Mon, Apr 24"
"Robert Tonyan","CHI","TE","266","260","-6","23.02","-2","▼","41","11","60.5","0.74","1","58","27","54","","Mon, Apr 24"
"Luke Musgrave","FA","TE","267","306","39","23.03","-2","▼","42","11","60.1","0.74","1","55","29","16","Rookie","Mon, Apr 24"
"Michael Wilson","FA","WR","268","371","103","23.04","332","▲","114","11","62.6","0.74","1","169","74","84","Rookie","Mon, Apr 24"
"WR GB Drafts","GB","WR","269","396","127","23.05","-3","▼","115","11","62.3","0.74","1","237","237","100","","Mon, Apr 24"
"Quez Watkins","PHI","WR","270","256","-14","23.06","-10","▼","116","11","62.1","0.74","1","151","88","100","","Mon, Apr 24"
"Chase Claypool","CHI","WR","271","164","-107","23.07","-4","▼","117","11","61.4","0.73","1","172","75","91","","Mon, Apr 24"
"Jamal Agnew","JAX","WR","272","380","108","23.08","-4","▼","118","11","61.3","0.73","1","150","91","100","","Mon, Apr 24"
"WR ATL Drafts","ATL","WR","273","396","123","23.09","327","▲","119","11","61.1","0.73","1","237","237","100","","Mon, Apr 24"
"Kalif Raymond","DET","WR","274","359","85","23.10","8","▲","120","11","60.9","0.73","1","151","89","100","","Mon, Apr 24"
"Malcolm Brown","LAR","RB","275","396","121","23.11","-4","▼","88","11","53.9","0.73","1","134","70","123","","Mon, Apr 24"
"Tyler Davis","GB","TE","276","339","63","23.12","-6","▼","43","11","56.7","0.73","1","50","36","100","","Mon, Apr 24"
"RB NE Drafts","NE","RB","277","396","119","24.01","-4","▼","89","11","52.8","0.72","1","183","183","100","","Mon, Apr 24"
"Kylen Granson","IND","TE","278","331","53","24.02","-6","▼","44","11","54.9","0.72","1","55","33","100","","Mon, Apr 24"
"Noah Gray","KC","TE","279","323","44","24.03","-5","▼","45","11","54.9","0.72","1","55","33","100","","Mon, Apr 24"
"Adam Trautman","NO","TE","280","319","39","24.04","-4","▼","46","11","53.7","0.72","1","57","34","34","","Mon, Apr 24"
"TE GB Drafts","GB","TE","281","396","115","24.05","-4","▼","47","11","53.6","0.72","1","115","115","100","","Mon, Apr 24"
"Matt Breida","NYG","RB","282","270","-12","24.06","-1","▼","90","11","50.7","0.72","1","147","70","96","","Mon, Apr 24"
"Kyle Philips","TEN","WR","283","306","23","24.07","-5","▼","121","11","57.4","0.71","1","146","100","166","","Mon, Apr 24"
"Parker Washington","FA","WR","284","320","36","24.08","-5","▼","122","11","57.2","0.71","1","178","80","100","Rookie","Mon, Apr 24"
"Jonnu Smith","ATL","TE","285","268","-17","24.09","-5","▼","48","11","51.7","0.71","1","73","29","59","","Mon, Apr 24"
"RB SEA Drafts","SEA","RB","286","396","110","24.10","-3","▼","91","11","49.5","0.71","1","183","183","100","","Mon, Apr 24"
"RB SEA Drafts","SEA","RB","287","396","109","24.11","-4","▼","91","11","49.5","0.71","1","183","183","100","","Mon, Apr 24"
"Xavier Hutchinson","FA","WR","288","320","32","24.12","-3","▼","123","11","56.1","0.71","1","181","81","84","Rookie","Mon, Apr 24"
"Pierre Strong Jr.","NE","RB","289","211","-78","25.01","-2","▼","93","11","48.9","0.71","1","122","77","100","","Mon, Apr 24"
"Jalen Guyton","LAC","WR","290","396","106","25.02","-4","▼","124","11","55.7","0.71","1","160","92","100","","Mon, Apr 24"
"Jordan Love","GB","QB","291","180","-111","25.03","-3","▼","26","11","226.6","0.70","1","34","19","100","","Mon, Apr 24"
"Desmond Ridder","ATL","QB","292","243","-49","25.04","-3","▼","27","11","226.3","0.70","1","34","19","37","","Mon, Apr 24"
"Jarvis Landry","NO","WR","293","278","-15","25.05","-3","▼","125","11","53.4","0.70","1","187","85","79","","Mon, Apr 24"
"Colby Parkinson","SEA","TE","294","396","102","25.06","-3","▼","49","11","45.2","0.69","1","69","39","100","","Mon, Apr 24"
"Travis Homer","CHI","RB","295","346","51","25.07","-3","▼","94","11","45.7","0.69","1","137","75","100","","Mon, Apr 24"
"Noah Brown","HOU","WR","296","307","11","25.08","-3","▼","126","11","51.5","0.69","1","166","96","100","","Mon, Apr 24"
"Tutu Atwell","LAR","WR","297","309","12","25.09","-1","▼","127","11","51.3","0.69","1","160","100","100","","Mon, Apr 24"
"Daniel Bellinger","NYG","TE","298","240","-58","25.10","-3","▼","50","11","43.4","0.69","1","75","37","100","","Mon, Apr 24"
"Marquise Goodwin","SEA","WR","299","366","67","25.11","-2","▼","128","11","51.3","0.69","1","169","93","100","","Mon, Apr 24"
"Mark Ingram II","FA","RB","300","303","3","25.12","-2","▼","95","11","44.3","0.69","1","183","183","100","","Mon, Apr 24"
"Mac Jones","NE","QB","301","200","-101","26.01","-7","▼","28","11","223.0","0.68","1","35","16","40","","Mon, Apr 24"
"Keaontay Ingram","ARI","RB","302","308","6","26.02","-3","▼","96","11","43.2","0.68","1","128","83","133","","Mon, Apr 24"
"RB WAS Drafts","WAS","RB","303","396","93","26.03","-2","▼","97","11","43.2","0.68","1","183","183","100","","Mon, Apr 24"
"Trent Sherfield","BUF","WR","304","326","22","26.04","-2","▼","129","11","49.9","0.68","1","162","101","100","","Mon, Apr 24"
"Cameron Brate","FA","TE","305","362","57","26.05","-5","▼","51","11","41.3","0.68","1","83","37","100","","Mon, Apr 24"
"TE Dallas Drafts","DAL","TE","306","396","90","26.06","-3","▼","52","11","41.1","0.68","1","115","115","100","","Mon, Apr 24"
"Isaiah Spiller","LAC","RB","307","217","-90","26.07","-1","▼","98","11","42.8","0.68","1","129","83","98","","Mon, Apr 24"
"Hunter Long","LAR","TE","308","383","75","26.08","-4","▼","53","11","41.0","0.68","1","68","48","100","","Mon, Apr 24"
"Durham Smythe","MIA","TE","309","396","87","26.09","-4","▼","54","11","41.0","0.68","1","70","43","100","","Mon, Apr 24"
"Hassan Haskins","TEN","RB","310","250","-60","26.10","-2","▼","99","11","42.6","0.68","1","129","83","62","","Mon, Apr 24"
"Julio Jones","FA","WR","311","274","-37","26.11","-4","▼","130","11","49.4","0.68","1","236","82","76","","Mon, Apr 24"
"KJ Hamler","DEN","WR","312","254","-58","26.12","-3","▼","131","11","49.2","0.68","1","168","98","141","","Mon, Apr 24"
"Sterling Shepard","NYG","WR","313","235","-78","27.01","-2","▼","132","11","48.7","0.67","1","182","92","133","","Mon, Apr 24"
"Chris Moore","TEN","WR","314","338","24","27.02","139","▲","133","11","48.6","0.67","1","169","99","100","","Mon, Apr 24"
"Devin Duvernay","BAL","WR","315","258","-57","27.03","-5","▼","134","11","48.6","0.67","1","169","99","100","","Mon, Apr 24"
"Ameer Abdullah","LVR","RB","316","328","12","27.04","-3","▼","100","11","41.4","0.67","1","166","75","100","","Mon, Apr 24"
"Ashton Dulin","IND","WR","317","367","50","27.05","-5","▼","135","11","48.2","0.67","1","163","103","100","","Mon, Apr 24"
"WR JAX Drafts","JAX","WR","318","396","78","27.06","-3","▼","136","11","47.4","0.67","1","237","237","100","","Mon, Apr 24"
"RB DET Drafts","DET","RB","319","396","77","27.07","18","▲","101","11","40.6","0.67","1","183","183","100","","Mon, Apr 24"
"James Robinson","NE","RB","320","182","-138","27.08","-3","▼","102","11","40.4","0.67","1","187","70","118","","Mon, Apr 24"
"Dontrell Hilliard","TEN","RB","321","292","-29","27.09","-3","▼","103","11","40.4","0.67","1","150","79","113","","Mon, Apr 24"
"Latavius Murray","DEN","RB","322","287","-35","27.10","-3","▼","104","11","40.3","0.67","1","187","70","123","","Mon, Apr 24"
"Olamide Zaccheaus","PHI","WR","323","354","31","27.11","-54","▼","137","11","47.1","0.67","1","172","100","100","","Mon, Apr 24"
"Josh Oliver","MIN","TE","324","396","72","27.12","-8","▼","55","11","37.3","0.67","1","75","46","100","","Mon, Apr 24"
"Josiah Deguara","GB","TE","325","356","31","28.01","-4","▼","56","11","36.4","0.66","1","77","46","100","","Mon, Apr 24"
"Harrison Bryant","CLE","TE","326","316","-10","28.02","-4","▼","57","11","36.1","0.66","1","77","48","100","","Mon, Apr 24"
"RB MIA Drafts","MIA","RB","327","396","69","28.03","-4","▼","105","11","39.1","0.66","1","183","183","100","","Mon, Apr 24"
"J.D. McKissic","FA","RB","328","284","-44","28.04","-3","▼","106","11","38.9","0.66","1","180","75","113","","Mon, Apr 24"
"Zonovan Knight","NYJ","RB","329","223","-106","28.05","-5","▼","107","11","38.7","0.66","1","153","82","100","","Mon, Apr 24"
"Samori Toure","GB","WR","330","379","49","28.06","-3","▼","138","11","45.2","0.66","1","160","114","162","","Mon, Apr 24"
"Chris Evans","CIN","RB","331","276","-55","28.07","-2","▼","108","11","38.3","0.66","1","154","82","100","","Mon, Apr 24"
"Justyn Ross","KC","WR","332","326","-6","28.08","-2","▼","139","11","45.0","0.66","1","237","237","100","","Mon, Apr 24"
"Adam Shaheen","MIA","TE","333","396","63","28.09","-5","▼","58","11","34.4","0.66","1","115","115","100","","Mon, Apr 24"
"Jauan Jennings","SF","WR","334","321","-13","28.10","-2","▼","140","11","44.8","0.65","1","177","102","100","","Mon, Apr 24"
"Will Levis","FA","QB","335","291","-44","28.11","-15","▼","29","11","217.4","0.65","1","35","18","29","Rookie","Mon, Apr 24"
"C.J. Uzomah","NYJ","TE","336","322","-14","28.12","-3","▼","59","11","33.1","0.65","1","93","43","34","","Mon, Apr 24"
"Shane Zylstra","DET","TE","337","396","59","29.01","-3","▼","60","11","32.9","0.65","1","82","49","100","","Mon, Apr 24"
"Parris Campbell","NYG","WR","338","193","-145","29.02","-3","▼","141","11","43.9","0.65","1","184","100","144","","Mon, Apr 24"
"Nyheim Hines","BUF","RB","339","234","-105","29.03","-1","▼","109","11","36.8","0.65","1","187","75","46","","Mon, Apr 24"
"Jeremy Ruckert","NYJ","TE","340","370","30","29.04","-4","▼","61","11","32.3","0.65","1","75","50","25","","Mon, Apr 24"
"Donald Parham Jr.","LAC","TE","341","323","-18","29.05","-2","▼","62","11","32.1","0.65","1","83","49","100","","Mon, Apr 24"
"Corey Clement","ARI","RB","342","396","54","29.06","-2","▼","110","11","36.1","0.65","1","179","77","100","","Mon, Apr 24"
"TE MIA Drafts","MIA","TE","343","396","53","29.07","-2","▼","63","11","31.3","0.64","1","115","115","100","","Mon, Apr 24"
"Peyton Hendershot","DAL","TE","344","332","-12","29.08","-2","▼","64","11","30.8","0.64","1","85","49","100","","Mon, Apr 24"
"Deonte Harty","BUF","WR","345","306","-39","29.09","-2","▼","142","11","42.2","0.64","1","179","103","100","","Mon, Apr 24"
"Zach Gentry","PIT","TE","346","396","50","29.10","-2","▼","65","11","29.9","0.64","1","87","49","100","","Mon, Apr 24"
"Craig Reynolds","DET","RB","347","355","8","29.11","-2","▼","111","11","34.9","0.64","1","144","88","100","","Mon, Apr 24"
"Albert Okwuegbunam","DEN","TE","348","251","-97","29.12","-1","▼","66","11","29.4","0.64","1","88","49","33","","Mon, Apr 24"
"Mo Alie-Cox","IND","TE","349","329","-20","30.01","-3","▼","67","11","29.2","0.64","1","96","48","56","","Mon, Apr 24"
"WR TB Drafts","TB","WR","350","396","46","30.02","-2","▼","143","11","41.2","0.64","1","237","237","100","","Mon, Apr 24"
"Teagan Quitoriano","HOU","TE","351","396","45","30.03","-2","▼","68","11","28.6","0.63","1","87","50","100","","Mon, Apr 24"
"Randall Cobb","FA","WR","352","368","16","30.04","-1","▼","144","11","40.6","0.63","1","280","93","144","","Mon, Apr 24"
"Ben Skowronek","LAR","WR","353","318","-35","30.05","-1","▼","145","11","40.0","0.63","1","178","114","100","","Mon, Apr 24"
"Ryan Tannehill","TEN","QB","354","216","-138","30.06","-28","▼","30","11","213.1","0.63","1","35","17","31","","Mon, Apr 24"
"Kyle Juszczyk","SF","RB","355","396","41","30.07","-2","▼","112","11","33.0","0.63","1","183","183","100","","Mon, Apr 24"
"Richie James Jr.","KC","WR","356","252","-104","30.08","-2","▼","146","11","38.9","0.62","1","196","104","100","","Mon, Apr 24"
"WR KC Drafts","KC","WR","357","396","39","30.09","-1","▼","147","11","38.5","0.62","1","237","237","100","","Mon, Apr 24"
"WR KC Drafts","KC","WR","358","396","38","30.10","-2","▼","147","11","38.5","0.62","1","237","237","100","","Mon, Apr 24"
"Jordan Akins","CLE","TE","359","346","-13","30.11","-4","▼","69","11","25.2","0.62","1","133","46","100","","Mon, Apr 24"
"Snoop Conner","JAX","RB","360","353","-7","30.12","-2","▼","113","11","31.1","0.62","1","154","90","76","","Mon, Apr 24"
"RB BUF Drafts","BUF","RB","361","396","35","31.01","-1","▼","114","11","31.0","0.62","1","183","183","100","","Mon, Apr 24"
"Nelson Agholor","BAL","WR","362","280","-82","31.02","-3","▼","149","11","37.8","0.62","1","236","100","158","","Mon, Apr 24"
"Erik Ezukanma","MIA","WR","363","396","33","31.03","-32","▼","150","11","37.4","0.62","1","169","125","73","","Mon, Apr 24"
"Drew Sample","CIN","TE","364","396","32","31.04","-2","▼","70","11","23.5","0.62","1","96","55","100","","Mon, Apr 24"
"Giovanni Ricci","CAR","RB","365","396","31","31.05","-1","▼","115","11","30.4","0.62","1","137","100","100","","Mon, Apr 24"
"Quintin Morris","BUF","TE","366","396","30","31.06","-3","▼","71","11","23.4","0.62","1","94","55","100","","Mon, Apr 24"
"Geoff Swaim","TEN","TE","367","396","29","31.07","-6","▼","72","11","23.3","0.62","1","96","55","100","","Mon, Apr 24"
"Raheem Blackshear","CAR","RB","368","358","-10","31.08","-3","▼","116","11","30.2","0.61","1","179","86","100","","Mon, Apr 24"
"Justin Jackson","DET","RB","369","290","-79","31.09","-3","▼","117","11","29.8","0.61","1","179","87","83","","Mon, Apr 24"
"Johnny Mundt","MIN","TE","370","396","26","31.10","-3","▼","73","11","22.2","0.61","1","97","55","100","","Mon, Apr 24"
"Alec Ingold","MIA","RB","371","396","25","31.11","-1","▼","118","11","29.4","0.61","1","183","183","100","","Mon, Apr 24"
"Conner Heyward","PIT","TE","372","396","24","31.12","-4","▼","74","11","21.8","0.61","1","115","115","100","","Mon, Apr 24"
"Malik Davis","DAL","RB","373","314","-59","32.01","-1","▼","119","11","29.2","0.61","1","160","91","100","","Mon, Apr 24"
"Ty Johnson","NYJ","RB","374","302","-72","32.02","-3","▼","120","11","29.1","0.61","1","187","83","101","","Mon, Apr 24"
"Boston Scott","PHI","RB","375","244","-131","32.03","-1","▼","121","11","28.5","0.61","1","187","83","36","","Mon, Apr 24"
"John Bates","WAS","TE","376","396","20","32.04","-1","▼","75","11","20.0","0.60","1","112","55","100","","Mon, Apr 24"
"Ian Thomas","CAR","TE","377","396","19","32.05","-1","▼","76","11","19.5","0.60","1","113","56","100","","Mon, Apr 24"
"Avery Williams","ATL","RB","378","396","18","32.06","1","▲","122","11","27.4","0.60","1","167","94","100","","Mon, Apr 24"
"Ke’Shawn Vaughn","TB","RB","379","374","-5","32.07","-1","▼","123","11","27.3","0.60","1","187","88","129","","Mon, Apr 24"
"DeeJay Dallas","SEA","RB","380","295","-85","32.08","0","▬","124","11","27.3","0.60","1","187","88","100","","Mon, Apr 24"
"Tommy Tremble","CAR","TE","381","356","-25","32.09","2","▲","77","11","18.4","0.60","1","115","58","100","","Mon, Apr 24"
"James Mitchell","DET","TE","382","378","-4","32.10","2","▲","78","11","18.2","0.60","1","113","58","100","","Mon, Apr 24"
"Jacoby Brissett","WAS","QB","383","304","-79","32.11","-6","▼","31","11","207.1","0.60","1","35","19","100","","Mon, Apr 24"
"Jack Stoll","PHI","TE","384","396","12","32.12","1","▲","79","11","18.0","0.60","1","96","65","100","","Mon, Apr 24"
"Mitchell Wilcox","CIN","TE","385","396","11","33.01","1","▲","80","11","17.7","0.59","1","115","59","100","","Mon, Apr 24"
"Nick Boyle","BAL","TE","386","396","10","33.02","1","▲","81","11","17.5","0.59","1","115","115","100","","Mon, Apr 24"
"Cedrick Wilson","MIA","WR","387","396","9","33.03","-37","▼","151","11","32.9","0.59","","236","114","80","","Mon, Apr 24"
"Brock Purdy","SF","QB","388","255","-133","33.04","-6","▼","32","11","206.5","0.59","1","35","21","33","","Mon, Apr 24"
"Gary Brightwell","NYG","RB","389","396","7","33.05","0","▬","125","11","25.6","0.59","1","171","94","100","","Mon, Apr 24"
"Hendon Hooker","FA","QB","390","360","-30","33.06","-9","▼","33","11","205.8","0.59","1","35","19","100","Rookie","Mon, Apr 24"
"Dee Eskridge","SEA","WR","391","372","-19","33.07","-1","▼","152","11","32.0","0.59","1","179","130","100","","Mon, Apr 24"
"Brevin Jordan","HOU","TE","392","308","-84","33.08","-4","▼","82","11","15.9","0.59","1","133","59","57","","Mon, Apr 24"
"DeAndre Carter","LAC","WR","393","359","-34","33.09","-2","▼","153","11","31.9","0.59","1","212","121","100","","Mon, Apr 24"
"Chris Conley","TEN","WR","394","396","2","33.10","6","▲","154","11","31.3","0.58","1","237","116","100","","Mon, Apr 24"
"Justin Watson","KC","WR","395","370","-25","33.11","-1","▼","155","11","31.1","0.58","1","197","125","100","","Mon, Apr 24"
"Jody Fortson","KC","TE","396","396","0","33.12","-4","▼","83","11","14.5","0.58","1","115","115","100","","Mon, Apr 24"
"Justice Hill","BAL","RB","397","365","-32","34.01","-2","▼","126","11","24.2","0.58","1","187","90","100","","Mon, Apr 24"
"Tre’ McKitty","LAC","TE","398","396","-2","34.02","-5","▼","84","11","14.5","0.58","1","112","69","100","","Mon, Apr 24"
"Trestan Ebner","CHI","RB","399","352","-47","34.03","-3","▼","127","11","24.1","0.58","1","177","95","55","","Mon, Apr 24"
"Jalen Tolbert","DAL","WR","400","347","-53","34.04","-1","▼","156","11","30.6","0.58","1","183","136","82","","Mon, Apr 24"
"Dan Arnold","JAX","TE","401","382","-19","34.05","-4","▼","85","11","13.9","0.58","1","133","56","52","","Mon, Apr 24"
"Ko Kieft","TB","TE","402","396","-6","34.06","-4","▼","86","11","13.8","0.58","1","133","65","100","","Mon, Apr 24"
"Byron Pringle","FA","WR","403","380","-23","34.07","-2","▼","157","11","30.0","0.58","1","280","120","150","","Mon, Apr 24"
"RB CLE Drafts","CLE","RB","404","396","-8","34.08","-1","▼","128","11","22.6","0.57","1","183","183","100","","Mon, Apr 24"
"David Wells","TB","TE","405","396","-9","34.09","-3","▼","87","11","12.1","0.57","1","115","115","100","","Mon, Apr 24"
"Cole Turner","WAS","TE","406","396","-10","34.10","-2","▼","88","11","11.8","0.57","1","133","70","100","","Mon, Apr 24"
"Julius Chestnut","TEN","RB","407","396","-11","34.11","9","▲","129","11","22.0","0.57","1","181","100","100","","Mon, Apr 24"
"Tommy Sweeney","BUF","TE","408","396","-12","34.12","-3","▼","89","11","11.0","0.57","1","133","73","100","","Mon, Apr 24"
"Kenny Golladay","FA","WR","409","309","-100","35.01","-3","▼","158","11","28.2","0.57","1","280","114","153","","Mon, Apr 24"
"Salvon Ahmed","MIA","RB","410","286","-124","35.02","-1","▼","130","11","21.3","0.57","1","187","93","101","","Mon, Apr 24"
"Zach Davidson","BUF","TE","411","396","-15","35.03","-4","▼","90","11","10.2","0.57","1","115","115","100","","Mon, Apr 24"
"Jalen Reagor","MIN","WR","412","364","-48","35.04","-4","▼","159","11","27.9","0.57","1","280","124","40","","Mon, Apr 24"
"Grant Calcaterra","PHI","TE","413","396","-17","35.05","-3","▼","91","11","9.9","0.57","1","133","74","100","","Mon, Apr 24"
"Myles Gaskin","MIA","RB","414","299","-115","35.06","-3","▼","131","11","20.9","0.57","1","187","86","101","","Mon, Apr 24"
"Kevin Harris","NE","RB","415","334","-81","35.07","-2","▼","132","11","20.4","0.56","1","187","101","121","","Mon, Apr 24"
"Ben Ellefson","MIN","TE","416","396","-20","35.08","-4","▼","92","11","9.0","0.56","1","133","75","100","","Mon, Apr 24"
"Damien Williams","FA","RB","417","355","-62","35.09","-3","▼","133","11","20.3","0.56","1","187","85","130","","Mon, Apr 24"
"Equanimeous St. Brown","CHI","WR","418","377","-41","35.10","-3","▼","160","11","26.6","0.56","1","232","129","100","","Mon, Apr 24"
"Jamison Crowder","FA","WR","419","292","-127","35.11","-2","▼","161","11","26.5","0.56","1","280","117","146","","Mon, Apr 24"
"Jaret Patterson","WAS","RB","420","396","-24","35.12","-2","▼","134","11","19.6","0.56","1","187","94","100","","Mon, Apr 24"
"Jonathan Williams","WAS","RB","421","396","-25","36.01","0","▬","135","11","19.1","0.56","1","187","105","100","","Mon, Apr 24"
"Brycen Hopkins","LAR","TE","422","396","-26","36.02","-3","▼","93","11","7.2","0.56","1","133","77","100","","Mon, Apr 24"
"Kenyan Drake","BAL","RB","423","283","-140","36.03","-1","▼","136","11","18.9","0.56","1","187","86","88","","Mon, Apr 24"
"Lucas Krull","NO","TE","424","396","-28","36.04","-4","▼","94","11","6.9","0.55","1","115","115","100","","Mon, Apr 24"
"Dyami Brown","WAS","WR","425","343","-82","36.05","-2","▼","162","11","25.7","0.55","1","236","131","147","","Mon, Apr 24"
"Dominique Dafney","TB","TE","426","396","-30","36.06","-2","▼","95","11","6.4","0.55","1","115","115","100","","Mon, Apr 24"
"Stephen Sullivan","CAR","TE","427","396","-31","36.07","-2","▼","96","11","5.9","0.55","1","133","80","100","","Mon, Apr 24"
"Trey Sermon","PHI","RB","428","318","-110","36.08","20","▲","137","11","17.7","0.55","1","187","109","20","","Mon, Apr 24"
"Kendall Hinton","DEN","WR","429","396","-33","36.09","0","▬","163","11","24.3","0.55","1","237","136","100","","Mon, Apr 24"
"Chris Manhertz","JAX","TE","430","396","-34","36.10","-4","▼","97","11","4.8","0.55","1","133","82","100","","Mon, Apr 24"
"Chris Manhertz","JAX","TE","431","396","-35","36.11","-5","▼","97","11","4.8","0.55","1","133","82","100","","Mon, Apr 24"
"Maxx Williams","ARI","TE","432","396","-36","36.12","-4","▼","99","11","4.7","0.55","1","133","74","100","","Mon, Apr 24"
"Blake Bell","KC","TE","433","396","-37","37.01","-3","▼","100","11","4.7","0.55","1","133","75","100","","Mon, Apr 24"
"Jordan Mason","SF","RB","434","242","-192","37.02","-2","▼","138","11","17.0","0.55","1","187","109","100","","Mon, Apr 24"
"Dax Milne","WAS","WR","435","396","-39","37.03","-1","▼","164","11","23.7","0.54","1","206","143","100","","Mon, Apr 24"
"Trenton Irwin","CIN","WR","436","396","-40","37.04","-1","▼","165","11","23.7","0.54","1","237","137","100","","Mon, Apr 24"
"Charlie Woerner","SF","TE","437","396","-41","37.05","-4","▼","101","11","3.9","0.54","1","133","82","100","","Mon, Apr 24"
"Jesper Horsted","LVR","TE","438","396","-42","37.06","-7","▼","102","11","3.9","0.54","1","133","75","100","","Mon, Apr 24"
"Chosen Anderson","MIA","WR","439","296","-143","37.07","161","▲","166","11","23.5","0.54","1","237","237","100","","Mon, Apr 24"
"Ross Dwelley","SF","TE","440","396","-44","37.08","-4","▼","103","11","3.7","0.54","1","133","75","100","","Mon, Apr 24"
"Benny Snell Jr.","PIT","RB","441","396","-45","37.09","-2","▼","139","11","16.6","0.54","1","183","183","100","","Mon, Apr 24"
"Eric Tomlinson","DEN","TE","442","396","-46","37.10","-5","▼","104","11","3.5","0.54","1","133","76","100","","Mon, Apr 24"
"Tyree Jackson","PHI","TE","443","396","-47","37.11","-3","▼","105","11","3.4","0.54","1","115","115","100","","Mon, Apr 24"
"Cole Fotheringham","LVR","TE","444","396","-48","37.12","-6","▼","106","11","3.4","0.54","1","115","115","100","","Mon, Apr 24"
"Eric Saubert","DEN","TE","445","396","-49","38.01","-4","▼","107","11","3.4","0.54","1","133","76","100","","Mon, Apr 24"
"Luke Farrell","JAX","TE","446","396","-50","38.02","-4","▼","108","11","3.4","0.54","1","133","83","100","","Mon, Apr 24"
"Lawrence Cager","NYG","TE","447","396","-51","38.03","-4","▼","109","11","3.3","0.54","1","133","76","100","","Mon, Apr 24"
"Tyler Kroft","SF","TE","448","396","-52","38.04","-4","▼","110","11","3.1","0.54","1","133","69","100","","Mon, Apr 24"
"Kevin Rader","TEN","TE","449","396","-53","38.05","-4","▼","111","11","3.0","0.54","1","115","115","100","","Mon, Apr 24"
"Charlie Kolar","BAL","TE","450","396","-54","38.06","-4","▼","112","11","2.4","0.54","1","133","85","100","","Mon, Apr 24"
"Giovani Bernard","TB","RB","451","396","-55","38.07","-4","▼","140","11","15.5","0.54","1","187","88","126","","Mon, Apr 24"
"Feleipe Franks","ATL","TE","452","396","-56","38.08","-3","▼","113","11","1.6","0.53","1","133","87","100","","Mon, Apr 24"
"MyCole Pruitt","ATL","TE","453","396","-57","38.09","-3","▼","114","11","1.5","0.53","1","133","77","100","","Mon, Apr 24"
"WR Giants Draft","NYG","WR","454","396","-58","38.10","-3","▼","167","11","21.8","0.53","1","237","237","100","","Mon, Apr 24"
"Spencer Brown","CAR","RB","455","396","-59","38.11","-3","▼","141","11","14.7","0.53","1","187","111","100","","Mon, Apr 24"
"Pooka Williams Jr.","CIN","RB","456","396","-60","38.12","22","▲","142","11","14.7","0.53","1","183","183","100","","Mon, Apr 24"
"Elijah Holyfield","CIN","RB","457","396","-61","39.01","20","▲","142","11","14.7","0.53","1","183","183","100","","Mon, Apr 24"
"Danny Gray","SF","WR","458","361","-97","39.02","-4","▼","168","11","21.0","0.53","1","218","147","96","","Mon, Apr 24"
"Richard Rodgers","LAC","TE","459","396","-63","39.03","-4","▼","115","11","0.0","0.53","1","133","69","100","","Mon, Apr 24"
"Kenny Yeboah","NYJ","TE","460","396","-64","39.04","-4","▼","115","11","0.0","0.53","1","115","115","100","","Mon, Apr 24"
"Roger Carter Jr.","LAR","TE","461","396","-65","39.05","-4","▼","115","11","0.0","0.53","1","115","115","100","","Mon, Apr 24"
"Tyler Mabry","SEA","TE","462","396","-66","39.06","-4","▼","115","11","0.0","0.53","1","133","88","100","","Mon, Apr 24"
"Rodney Williams","PIT","TE","463","396","-67","39.07","-4","▼","115","11","0.0","0.53","1","115","115","100","","Mon, Apr 24"
"Chris Myarick","NYG","TE","464","396","-68","39.08","-4","▼","115","11","0.0","0.53","1","133","88","100","","Mon, Apr 24"
"Nick Guggemos","CLE","TE","465","396","-69","39.09","-4","▼","115","11","0.0","0.53","1","115","115","100","","Mon, Apr 24"
"Ryan Griffin","CHI","TE","466","396","-70","39.10","-4","▼","115","11","0.0","0.53","1","133","73","100","","Mon, Apr 24"
"Jared Pinkney","LAR","TE","467","396","-71","39.11","-4","▼","115","11","0.0","0.53","1","115","115","100","","Mon, Apr 24"
"Kahale Warring","JAX","TE","468","396","-72","39.12","-4","▼","115","11","0.0","0.53","1","115","115","100","","Mon, Apr 24"
"Devin Asiasi","CIN","TE","469","396","-73","40.01","-4","▼","115","11","0.0","0.53","1","133","88","100","","Mon, Apr 24"
"Nick Vannett","NYG","TE","470","396","-74","40.02","-4","▼","115","11","0.0","0.53","1","133","82","100","","Mon, Apr 24"
"Derrick Deese Jr.","DET","TE","471","396","-75","40.03","-4","▼","115","11","0.0","0.53","1","115","115","100","","Mon, Apr 24"
"Andrew Ogletree","IND","TE","472","396","-76","40.04","-4","▼","115","11","0.0","0.53","1","115","115","100","","Mon, Apr 24"
"Sean McKeon","DAL","TE","473","396","-77","40.05","-4","▼","115","11","0.0","0.53","1","133","88","100","","Mon, Apr 24"
"Matt Sokol","NE","TE","474","396","-78","40.06","-4","▼","115","11","0.0","0.53","1","115","115","100","","Mon, Apr 24"
"Tony Poljan","BAL","TE","475","396","-79","40.07","-3","▼","115","11","0.0","0.53","1","115","115","100","","Mon, Apr 24"
"Stephen Anderson","ARI","TE","476","396","-80","40.08","-5","▼","115","11","0.0","0.53","1","133","82","100","","Mon, Apr 24"
"Patrick Taylor","GB","RB","477","396","-81","40.09","-4","▼","144","11","13.9","0.53","1","187","112","100","","Mon, Apr 24"
"Larry Rountree III","LAC","RB","478","396","-82","40.10","-4","▼","145","11","13.7","0.53","1","183","183","100","","Mon, Apr 24"
"Rivo Dowdle","DAL","RB","479","396","-83","40.11","-4","▼","146","11","13.6","0.53","1","183","183","100","","Mon, Apr 24"
"Patrick Ricard","BAL","RB","480","396","-84","40.12","-4","▼","147","11","13.6","0.53","1","183","183","100","","Mon, Apr 24"
"Brandon Bolden","LVR","RB","481","396","-85","41.01","-2","▼","148","11","13.3","0.53","1","187","94","100","","Mon, Apr 24"
"Ty’Son Williams","ARI","RB","482","396","-86","41.02","-2","▼","149","11","13.1","0.52","1","187","112","100","","Mon, Apr 24"
"Steven Sims","PIT","WR","483","396","-87","41.03","-2","▼","169","11","19.9","0.52","1","280","136","100","","Mon, Apr 24"
"T.Y. Hilton","DAL","WR","484","345","-139","41.04","-2","▼","170","11","19.8","0.52","1","280","115","132","","Mon, Apr 24"
"Damiere Byrd","ATL","WR","485","396","-89","41.05","-2","▼","171","11","19.5","0.52","1","280","136","100","","Mon, Apr 24"
"Marlon Mack","DEN","RB","486","301","-185","41.06","-2","▼","150","11","12.5","0.52","1","187","90","78","","Mon, Apr 24"
"Demetric Felton","CLE","RB","487","396","-91","41.07","-2","▼","151","11","12.0","0.52","1","187","105","100","","Mon, Apr 24"
"Kylin Hill","GB","RB","488","396","-92","41.08","-2","▼","152","11","11.8","0.52","1","187","113","100","","Mon, Apr 24"
"Ronnie Rivers","LAR","RB","489","396","-93","41.09","-1","▼","153","11","11.1","0.51","1","187","113","100","","Mon, Apr 24"
"Breshad Perriman","TB","WR","490","396","-94","41.10","-1","▼","172","11","17.5","0.51","1","280","135","100","","Mon, Apr 24"
"Velus Jones Jr.","CHI","WR","491","329","-162","41.11","-1","▼","173","11","17.5","0.51","1","280","144","100","","Mon, Apr 24"
"WR Jets Draft","NYJ","WR","492","396","-96","41.12","-1","▼","174","11","17.3","0.51","1","237","237","100","","Mon, Apr 24"
"Mike Boone","HOU","RB","493","367","-126","42.01","0","▬","154","11","10.4","0.51","1","187","109","100","","Mon, Apr 24"
"C.J. Board","TEN","WR","494","396","-98","42.02","-2","▼","175","11","17.1","0.51","1","280","151","100","","Mon, Apr 24"
"RB GB Drafts","GB","RB","495","396","-99","42.03","0","▬","155","11","10.2","0.51","1","183","183","100","","Mon, Apr 24"
"Bo Melton","GB","WR","496","396","-100","42.04","-2","▼","176","11","17.0","0.51","1","237","237","162","","Mon, Apr 24"
"C.J. Ham","MIN","RB","497","396","-101","42.05","-1","▼","156","11","10.0","0.51","1","183","183","100","","Mon, Apr 24"
"Trayveon Williams","CIN","RB","498","396","-102","42.06","0","▬","157","11","9.9","0.51","1","187","116","100","","Mon, Apr 24"
"Racey McMath","TEN","WR","499","396","-103","42.07","-2","▼","177","11","16.6","0.51","1","280","151","100","","Mon, Apr 24"
"Zander Horvath","LAC","RB","500","396","-104","42.08","-1","▼","158","11","9.4","0.50","1","187","117","92","","Mon, Apr 24"
"Anthony McFarland Jr.","PIT","RB","501","396","-105","42.09","-1","▼","159","11","9.2","0.50","1","183","183","100","","Mon, Apr 24"
"Kene Nwangwu","MIN","RB","502","384","-118","42.10","1","▲","160","11","8.4","0.50","1","187","121","88","","Mon, Apr 24"
"Derek Watt","PIT","RB","503","396","-107","42.11","1","▲","161","11","8.4","0.50","1","183","183","100","","Mon, Apr 24"
"Zach Pascal","ARI","WR","504","374","-130","42.12","-2","▼","178","11","15.0","0.50","1","280","138","100","","Mon, Apr 24"
"Darrynton Evans","CHI","RB","505","396","-109","43.01","0","▬","162","11","8.2","0.50","1","187","121","51","","Mon, Apr 24"
"RB Texans Draft","HOU","RB","506","396","-110","43.02","0","▬","163","11","7.7","0.50","1","183","183","100","","Mon, Apr 24"
"Jonathan Ward","TEN","RB","507","396","-111","43.03","12","▲","164","11","7.7","0.49","1","187","122","100","","Mon, Apr 24"
"Tyrion Davis-Price","SF","RB","508","262","-246","43.04","-1","▼","165","11","7.6","0.49","1","187","122","30","","Mon, Apr 24"
"Cody Hollister","TEN","WR","509","396","-113","43.05","-1","▼","179","11","14.1","0.49","1","280","154","100","","Mon, Apr 24"
"Ray-Ray McCloud","SF","WR","510","396","-114","43.06","-1","▼","180","11","14.1","0.49","1","280","150","100","","Mon, Apr 24"
"Royce Freeman","HOU","RB","511","396","-115","43.07","-1","▼","166","11","7.2","0.49","1","187","101","100","","Mon, Apr 24"
"Keelan Cole","LVR","WR","512","396","-116","43.08","-1","▼","181","11","13.8","0.49","1","280","140","100","","Mon, Apr 24"
"Dare Ogunbowale","HOU","RB","513","396","-117","43.09","-1","▼","167","11","6.9","0.49","1","187","112","100","","Mon, Apr 24"
"Jashaun Corbin","NYG","RB","514","396","-118","43.10","-1","▼","168","11","6.8","0.49","1","183","183","100","","Mon, Apr 24"
"D’Ernest Johnson","JAX","RB","515","216","-299","43.11","-1","▼","169","11","6.6","0.49","1","187","112","94","","Mon, Apr 24"
"Jakob Johnson","LVR","RB","516","396","-120","43.12","-1","▼","170","11","6.6","0.49","1","183","183","100","","Mon, Apr 24"
"Shi Smith","CAR","WR","517","357","-160","44.01","-1","▼","182","11","13.3","0.49","1","280","151","100","","Mon, Apr 24"
"Mike Strachan","IND","WR","518","396","-122","44.02","-1","▼","183","11","13.0","0.49","1","280","157","100","","Mon, Apr 24"
"Calvin Austin III","PIT","WR","519","334","-185","44.03","-1","▼","184","11","12.8","0.49","1","237","237","100","","Mon, Apr 24"
"Jeff Cotton","GB","WR","520","396","-124","44.04","0","▬","185","11","11.9","0.48","1","237","237","100","","Mon, Apr 24"
"RB KC Drafts","KC","RB","521","396","-125","44.05","0","▬","171","11","5.1","0.48","1","183","183","100","","Mon, Apr 24"
"Preston Williams","CAR","WR","522","396","-126","44.06","0","▬","186","11","11.8","0.48","1","237","237","100","","Mon, Apr 24"
"J.J. Taylor","NE","RB","523","396","-127","44.07","0","▬","172","11","4.6","0.48","1","187","126","100","","Mon, Apr 24"
"Keith Smith","ATL","RB","524","396","-128","44.08","0","▬","173","11","4.5","0.48","1","183","183","100","","Mon, Apr 24"
"Scotty Miller","ATL","WR","525","373","-152","44.09","0","▬","187","11","11.2","0.48","1","237","237","100","","Mon, Apr 24"
"David Johnson","NO","RB","526","396","-130","44.10","0","▬","174","11","4.2","0.48","1","187","82","74","","Mon, Apr 24"
"Dwayne Washington","NO","RB","527","396","-131","44.11","0","▬","175","11","4.1","0.48","1","187","126","100","","Mon, Apr 24"
"Jake Funk","IND","RB","528","396","-132","44.12","0","▬","176","11","3.9","0.47","1","183","183","100","","Mon, Apr 24"
"Mike Davis","BAL","RB","529","369","-160","45.01","2","▲","177","11","3.1","0.47","1","187","105","131","","Mon, Apr 24"
"Ty Chandler","MIN","RB","530","335","-195","45.02","0","▬","178","11","3.1","0.47","1","187","128","92","","Mon, Apr 24"
"Deven Thompkins","TB","WR","531","396","-135","45.03","-2","▼","188","11","9.9","0.47","1","280","160","100","","Mon, Apr 24"
"Jalen Nailor","MIN","WR","532","396","-136","45.04","0","▬","189","11","9.4","0.47","1","280","151","56","","Mon, Apr 24"
"Bryan Edwards","NO","WR","533","396","-137","45.05","0","▬","190","11","8.9","0.46","1","280","151","103","","Mon, Apr 24"
"Bisi Johnson","MIN","WR","534","396","-138","45.06","1","▲","191","11","8.9","0.46","1","237","237","100","","Mon, Apr 24"
"John Kelly","CLE","RB","535","396","-139","45.07","1","▲","179","11","1.8","0.46","1","183","183","100","","Mon, Apr 24"
"B.J. Baylor","ATL","RB","536","396","-140","45.08","1","▲","180","11","1.6","0.46","1","183","183","100","","Mon, Apr 24"
"Taiwan Jones","BUF","RB","537","396","-141","45.09","2","▲","181","11","1.5","0.46","1","183","183","100","","Mon, Apr 24"
"Freddie Swain","MIA","WR","538","396","-142","45.10","0","▬","192","11","8.3","0.46","1","280","151","100","","Mon, Apr 24"
"Cam Sims","LVR","WR","539","396","-143","45.11","2","▲","193","11","8.2","0.46","1","280","151","100","","Mon, Apr 24"
"Tre Harbison","CLE","RB","540","396","-144","45.12","2","▲","182","11","1.4","0.46","1","183","183","100","","Mon, Apr 24"
"Gunner Olszewski","PIT","WR","541","396","-145","46.01","-1","▼","194","11","8.2","0.46","1","280","162","100","","Mon, Apr 24"
"River Cracraft","MIA","WR","542","396","-146","46.02","-41","▼","195","11","8.0","0.46","1","280","163","100","","Mon, Apr 24"
"Tyler Johnson","LVR","WR","543","396","-147","46.03","0","▬","196","11","7.8","0.46","1","237","237","100","","Mon, Apr 24"
"Tre’Quan Smith","NO","WR","544","351","-193","46.04","0","▬","197","11","7.4","0.46","1","280","149","103","","Mon, Apr 24"
"Marquez Callaway","NO","WR","545","315","-230","46.05","0","▬","197","11","7.4","0.46","1","280","149","149","","Mon, Apr 24"
"Michael Bandy","LAC","WR","546","396","-150","46.06","0","▬","199","11","7.3","0.46","1","280","163","100","","Mon, Apr 24"
"Tim Jones","JAX","WR","547","396","-151","46.07","0","▬","200","11","7.2","0.46","1","280","163","100","","Mon, Apr 24"
"Anthony Schwartz","CLE","WR","548","396","-152","46.08","0","▬","201","11","7.1","0.45","1","280","163","100","","Mon, Apr 24"
"Amari Rodgers","HOU","WR","549","396","-153","46.09","0","▬","202","11","6.9","0.45","1","280","157","100","","Mon, Apr 24"
"Trent Taylor","CIN","WR","550","396","-154","46.10","0","▬","203","11","6.9","0.45","1","280","151","100","","Mon, Apr 24"
"Random Person","SEA","RB","551","396","-155","46.11","0","▬","183","11","0.0","0.45","1","183","183","100","","Mon, Apr 24"
"Random Person","SEA","RB","552","396","-156","46.12","-1","▼","183","11","0.0","0.45","1","183","183","100","","Mon, Apr 24"
"Random Person","SEA","RB","553","396","-157","47.01","-2","▼","183","11","0.0","0.45","1","183","183","100","","Mon, Apr 24"
"Derrick Gore","KC","RB","554","396","-158","47.02","0","▬","183","11","0.0","0.45","1","183","183","100","","Mon, Apr 24"
"Brandon Powell","LAR","WR","555","396","-159","47.03","0","▬","204","11","6.5","0.45","1","280","157","100","","Mon, Apr 24"
"Kaylon Geiger","TB","WR","556","396","-160","47.04","0","▬","205","11","6.4","0.45","1","237","237","100","","Mon, Apr 24"
"Marcus Johnson","NYG","WR","557","396","-161","47.05","1","▲","206","11","6.0","0.45","1","280","158","100","","Mon, Apr 24"
"Cole Beasley","BUF","WR","558","396","-162","47.06","1","▲","207","11","5.8","0.45","1","280","143","88","","Mon, Apr 24"
"Lance McCutcheon","LAR","WR","559","396","-163","47.07","1","▲","208","11","5.7","0.45","1","280","167","100","","Mon, Apr 24"
"Baker Mayfield","TB","QB","560","253","-307","47.08","-26","▼","34","11","180.8","0.45","1","35","25","43","","Mon, Apr 24"
"Miles Boykin","PIT","WR","561","396","-165","47.09","0","▬","209","11","5.4","0.45","1","280","158","100","","Mon, Apr 24"
"Rashard Higgins","CAR","WR","562","396","-166","47.10","0","▬","210","11","5.3","0.45","1","237","237","100","","Mon, Apr 24"
"KeeSean Johnson","BUF","WR","563","396","-167","47.11","1","▲","211","11","4.1","0.44","1","237","237","100","","Mon, Apr 24"
"Vyncint Smith","IND","WR","564","396","-168","47.12","1","▲","212","11","3.9","0.44","1","237","237","100","","Mon, Apr 24"
"Stanley Morgan","CIN","WR","565","396","-169","48.01","1","▲","213","11","3.9","0.44","1","280","168","100","","Mon, Apr 24"
"Antoine Wesley","ARI","WR","566","396","-170","48.02","1","▲","214","11","3.7","0.44","1","237","237","100","","Mon, Apr 24"
"WR Den Drafts","DEN","WR","567","396","-171","48.03","1","▲","215","11","3.7","0.44","1","237","237","100","","Mon, Apr 24"
"Willie Johnson","JAX","WR","568","396","-172","48.04","2","▲","216","11","3.5","0.44","1","237","237","100","","Mon, Apr 24"
"Kendric Pryor","JAX","WR","569","396","-173","48.05","2","▲","216","11","3.5","0.44","1","237","237","100","","Mon, Apr 24"
"Phillip Dorsett","LVR","WR","570","396","-174","48.06","-1","▼","218","11","3.5","0.44","1","237","237","100","","Mon, Apr 24"
"Simi Fehoko","DAL","WR","571","396","-175","48.07","1","▲","219","11","3.4","0.44","1","280","169","100","","Mon, Apr 24"
"James Proche II","BAL","WR","572","396","-176","48.08","1","▲","220","11","3.4","0.44","1","237","237","100","","Mon, Apr 24"
"Isaiah Coulter","BUF","WR","573","396","-177","48.09","2","▲","221","11","3.4","0.44","1","237","237","100","","Mon, Apr 24"
"Dareke Young","SEA","WR","574","396","-178","48.10","2","▲","222","11","3.4","0.44","1","280","169","139","","Mon, Apr 24"
"Ethan Fernea","IND","WR","575","396","-179","48.11","-1","▼","223","11","3.3","0.43","1","237","237","100","","Mon, Apr 24"
"Collin Johnson","NYG","WR","576","396","-180","48.12","2","▲","224","11","3.2","0.43","1","237","237","100","","Mon, Apr 24"
"Andre Baccellia","ARI","WR","577","396","-181","49.01","0","▬","225","11","3.2","0.43","1","280","169","100","","Mon, Apr 24"
"Laquon Treadwell","SEA","WR","578","396","-182","49.02","1","▲","226","11","3.2","0.43","1","280","160","100","","Mon, Apr 24"
"Greg Ward","PHI","WR","579","396","-183","49.03","-22","▼","227","11","3.1","0.43","1","237","237","100","","Mon, Apr 24"
"Britain Covey","PHI","WR","580","396","-184","49.04","0","▬","227","11","3.1","0.43","1","237","237","100","","Mon, Apr 24"
"Penny Hart","SEA","WR","581","396","-185","49.05","0","▬","229","11","3.1","0.43","1","280","169","100","","Mon, Apr 24"
"Jeff Smith","NYG","WR","582","396","-186","49.06","0","▬","230","11","3.0","0.43","1","280","169","100","","Mon, Apr 24"
"Tylan Wallace","BAL","WR","583","379","-204","49.07","0","▬","231","11","3.0","0.43","1","280","169","100","","Mon, Apr 24"
"Brandon Johnson","DEN","WR","584","396","-188","49.08","0","▬","232","11","3.0","0.43","1","280","169","100","","Mon, Apr 24"
"Dante Pettis","CHI","WR","585","396","-189","49.09","0","▬","233","11","2.8","0.43","1","280","156","100","","Mon, Apr 24"
"Irvin Charles","NYJ","WR","586","396","-190","49.10","0","▬","234","11","2.7","0.43","1","237","237","100","","Mon, Apr 24"
"Malik Taylor","NYJ","WR","587","396","-191","49.11","0","▬","234","11","2.7","0.43","1","237","237","100","","Mon, Apr 24"
"KhaDarel Hodge","ATL","WR","588","396","-192","49.12","0","▬","236","11","1.5","0.43","1","280","163","100","","Mon, Apr 24"
"Quintez Cephus","DET","WR","589","396","-193","50.01","-26","▼","237","11","0.0","0.42","1","280","166","63","","Mon, Apr 24"
"Chris Lacy","LVR","WR","590","396","-194","50.02","-1","▼","237","11","0.0","0.42","1","237","237","100","","Mon, Apr 24"
"Keith Kirkwood","NO","WR","591","396","-195","50.03","0","▬","237","11","0.0","0.42","1","280","166","100","","Mon, Apr 24"
"Jared Bernhardt","ATL","WR","592","396","-196","50.04","0","▬","237","11","0.0","0.42","1","237","237","100","","Mon, Apr 24"
"Andre Roberts","CAR","WR","593","396","-197","50.05","1","▲","237","11","0.0","0.42","1","237","237","100","","Mon, Apr 24"
"N’Keal Harry","CHI","WR","594","396","-198","50.06","-1","▼","237","11","0.0","0.42","1","280","166","100","","Mon, Apr 24"
"Tom Kennedy","DET","WR","595","396","-199","50.07","0","▬","237","11","0.0","0.42","1","280","172","100","","Mon, Apr 24"
"Dennis Houston","DAL","WR","596","396","-200","50.08","0","▬","237","11","0.0","0.42","1","280","172","100","","Mon, Apr 24"
"Mike Harley Jr.","CLE","WR","597","396","-201","50.09","0","▬","237","11","0.0","0.42","1","237","237","100","","Mon, Apr 24"
"Diontae Spencer","NYJ","WR","598","396","-202","50.10","0","▬","237","11","0.0","0.42","1","237","237","100","","Mon, Apr 24"
"Seth Williams","JAX","WR","599","396","-203","50.11","0","▬","237","11","0.0","0.42","1","237","237","100","","Mon, Apr 24"
"Jalen Camp","HOU","WR","600","396","-204","50.12","0","▬","237","11","0.0","0.42","1","280","172","100","","Mon, Apr 24"
"Jake Kumerow","BUF","WR","601","396","-205","51.01","0","▬","237","11","0.0","0.42","1","280","166","100","","Mon, Apr 24"
"Matthew Slater","NE","WR","602","396","-206","51.02","0","▬","237","11","0.0","0.42","1","237","237","100","","Mon, Apr 24"
"Dez Fitzpatrick","PIT","WR","603","396","-207","51.03","0","▬","237","11","0.0","0.42","1","237","237","100","","Mon, Apr 24"
"WR DET Drafts","DET","WR","604","396","-208","51.04","-4","▼","237","11","0.0","0.42","1","237","237","100","","Mon, Apr 24"
"Kirk Merritt","NO","WR","605","396","-209","51.05","0","▬","237","11","0.0","0.42","1","237","237","100","","Mon, Apr 24"
"Ja’Macrus Brandley","PIT","WR","606","396","-210","51.06","0","▬","237","11","0.0","0.42","1","237","237","100","","Mon, Apr 24"
"Dazz Newsome","SF","WR","607","396","-211","51.07","0","▬","237","11","0.0","0.42","1","237","237","100","","Mon, Apr 24"
"Lynn Bowden Jr.","NE","WR","608","396","-212","51.08","0","▬","237","11","0.0","0.42","1","237","237","100","","Mon, Apr 24"
"John Ross","KC","WR","609","396","-213","51.09","0","▬","237","11","0.0","0.42","1","237","237","100","","Mon, Apr 24"
"Tay Martin","SF","WR","610","396","-214","51.10","0","▬","237","11","0.0","0.42","1","237","237","100","","Mon, Apr 24"
"Marcus Kemp","WAS","WR","611","396","-215","51.11","0","▬","237","11","0.0","0.42","1","237","237","100","","Mon, Apr 24"
"Scotty Washington","CIN","WR","612","396","-216","51.12","0","▬","237","11","0.0","0.42","1","237","237","100","","Mon, Apr 24"
"Cody Thompson","SEA","WR","613","396","-217","52.01","0","▬","237","11","0.0","0.42","1","237","237","100","","Mon, Apr 24"
"Austin Trammell","LAR","WR","614","396","-218","52.02","0","▬","237","11","0.0","0.42","1","280","172","100","","Mon, Apr 24"
"Blake Proehl","MIN","WR","615","396","-219","52.03","0","▬","237","11","0.0","0.42","1","237","237","100","","Mon, Apr 24"
"Thomas Hennigan","MIN","WR","616","396","-220","52.04","0","▬","237","11","0.0","0.42","1","237","237","100","","Mon, Apr 24"
"Trishton Jackson","MIN","WR","617","396","-221","52.05","0","▬","237","11","0.0","0.42","1","237","237","100","","Mon, Apr 24"
"Tre Nixon","NE","WR","618","396","-222","52.06","0","▬","237","11","0.0","0.42","1","237","237","100","","Mon, Apr 24"
"Cade Johnson","SEA","WR","619","396","-223","52.07","0","▬","237","11","0.0","0.42","1","280","172","100","","Mon, Apr 24"
"John Hightower","LAC","WR","620","396","-224","52.08","0","▬","237","11","0.0","0.42","1","237","237","100","","Mon, Apr 24"
"Kristian Wilkerson","NE","WR","621","396","-225","52.09","0","▬","237","11","0.0","0.42","1","237","237","100","","Mon, Apr 24"
"Tyrom Johnson","SF","WR","622","396","-226","52.10","0","▬","237","11","0.0","0.42","1","237","237","100","","Mon, Apr 24"
"Keelan Doss","LAC","WR","623","396","-227","52.11","0","▬","237","11","0.0","0.42","1","237","237","100","","Mon, Apr 24"
"Anthony Miller","PIT","WR","624","396","-228","52.12","0","▬","237","11","0.0","0.42","1","237","237","100","","Mon, Apr 24"
"Scotty Washington","CIN","WR","625","396","-229","53.01","-13","▼","237","11","0.0","0.42","1","237","237","100","","Mon, Apr 24"
"Kwamie Lassiter","CIN","WR","626","396","-230","53.02","0","▬","237","11","0.0","0.42","1","237","237","100","","Mon, Apr 24"
"Frank Darby","ATL","WR","627","396","-231","53.03","-37","▼","237","11","0.0","0.42","1","280","172","100","","Mon, Apr 24"
"Jaelon Darden","CLE","WR","628","396","-232","53.04","0","▬","237","11","0.0","0.42","1","280","172","100","","Mon, Apr 24"
"Pharoh Cooper","ARI","WR","629","396","-233","53.05","0","▬","237","11","0.0","0.42","1","280","166","100","","Mon, Apr 24"
"Josh Ali","ATL","WR","630","396","-234","53.06","-3","▼","237","11","0.0","0.42","1","237","237","100","","Mon, Apr 24"
"Carson Wentz","FA","QB","631","352","-279","53.07","-1","▼","35","11","104.4","0.11","1","42","35","28","","Mon, Apr 24"
"QB CAR Drafts","CAR","QB","632","396","-236","53.08","-1","▼","36","11","101.0","0.10","1","82","82","100","","Mon, Apr 24"
"QB Texans Draft","HOU","QB","633","396","-237","53.09","-1","▼","37","11","92.5","0.08","1","82","82","100","","Mon, Apr 24"
"Gardner Minshew","IND","QB","634","395","-239","53.10","-1","▼","38","11","89.8","0.07","1","44","35","100","","Mon, Apr 24"
"Nick Foles","IND","QB","635","396","-239","53.11","-1","▼","39","11","86.6","0.07","1","44","35","100","","Mon, Apr 24"
"Trey Lance","SF","QB","636","146","-490","53.12","-1","▼","40","11","56.4","0.03","1","45","39","35","","Mon, Apr 24"
"Sam Howell","WAS","QB","637","228","-409","54.01","-1","▼","41","11","52.3","0.02","1","46","40","44","","Mon, Apr 24"
"Sam Ehlinger","IND","QB","638","396","-242","54.02","-1","▼","42","11","49.8","0.02","1","46","40","100","","Mon, Apr 24"
"Kyle Trask","TB","QB","639","376","-263","54.03","-1","▼","43","11","44.7","0.02","1","52","40","100","","Mon, Apr 24"
"Andy Dalton","CAR","QB","640","332","-308","54.04","-1","▼","44","11","25.6","0.01","1","153","40","100","","Mon, Apr 24"
"Matt Corral","CAR","QB","641","396","-245","54.05","-1","▼","45","11","18.8","0.01","1","82","82","45","","Mon, Apr 24"
"Tyler Huntley","BAL","QB","642","348","-294","54.06","-1","▼","46","11","14.7","0.01","1","153","43","100","","Mon, Apr 24"
"Taylor Heinicke","ATL","QB","643","325","-318","54.07","-1","▼","47","11","13.9","0.01","1","153","40","100","","Mon, Apr 24"
"Colt McCoy","ARI","QB","644","368","-276","54.08","-1","▼","48","11","12.6","0.01","1","153","41","100","","Mon, Apr 24"
"Marcus Mariota","PHI","QB","645","396","-249","54.09","-1","▼","49","11","11.7","0.00","1","153","40","34","","Mon, Apr 24"
"Case Keenum","HOU","QB","646","396","-250","54.10","-1","▼","50","11","11.4","0.00","1","153","40","100","","Mon, Apr 24"
"Mitchell Trubisky","PIT","QB","647","396","-251","54.11","-1","▼","51","11","11.1","0.00","1","153","40","40","","Mon, Apr 24"
"Malik Willis","TEN","QB","648","342","-306","54.12","-1","▼","52","11","10.3","0.00","1","153","44","46","","Mon, Apr 24"
"Tyrod Taylor","NYG","QB","649","396","-253","55.01","-1","▼","53","11","10.2","0.00","1","153","40","100","","Mon, Apr 24"
"Bailey Zappe","NE","QB","650","362","-288","55.02","-1","▼","54","11","9.4","0.00","1","153","44","47","","Mon, Apr 24"
"Mike White","MIA","QB","651","374","-277","55.03","-1","▼","55","11","9.3","0.00","1","153","44","100","","Mon, Apr 24"
"Jeff Driskel","HOU","QB","652","396","-256","55.04","-1","▼","56","11","8.3","0.00","1","153","44","100","","Mon, Apr 24"
"Blaine Gabbert","KC","QB","653","396","-257","55.05","-1","▼","57","11","7.9","0.00","1","153","43","100","","Mon, Apr 24"
"Joshua Dobbs","CLE","QB","654","396","-258","55.06","-1","▼","58","11","7.8","0.00","1","153","44","100","","Mon, Apr 24"
"Joshua Dobbs","CLE","QB","655","396","-259","55.07","-2","▼","58","11","7.8","0.00","1","153","44","100","","Mon, Apr 24"
"Cooper Rush","DAL","QB","656","396","-260","55.08","-1","▼","60","11","7.5","0.00","1","153","44","100","","Mon, Apr 24"
"Brandon Allen","CIN","QB","657","396","-261","55.09","-1","▼","61","11","7.4","0.00","1","153","44","100","","Mon, Apr 24"
"Nick Mullens","MIN","QB","658","396","-262","55.10","-1","▼","62","11","6.8","0.00","1","153","43","100","","Mon, Apr 24"
"Chase Daniel","LAC","QB","659","396","-263","55.11","-1","▼","63","11","6.6","0.00","1","153","44","100","","Mon, Apr 24"
"Sam Darnold","SF","QB","660","305","-355","55.12","-1","▼","64","11","6.5","0.00","1","153","40","38","","Mon, Apr 24"
"Jameis Winston","NO","QB","661","300","-361","56.01","-1","▼","65","11","6.3","0.00","1","153","40","24","","Mon, Apr 24"
"C.J. Beathard","JAX","QB","662","396","-266","56.02","-1","▼","66","11","6.3","0.00","1","153","44","100","","Mon, Apr 24"
"John Wolford","LAR","QB","663","396","-267","56.03","-1","▼","67","11","6.2","0.00","1","153","44","100","","Mon, Apr 24"
"Nate Sudfeld","DET","QB","664","396","-268","56.04","-1","▼","68","11","6.1","0.00","1","153","44","100","","Mon, Apr 24"
"Chase Garbers","LVR","QB","665","396","-269","56.05","-1","▼","69","11","6.0","0.00","1","82","82","100","","Mon, Apr 24"
"Brian Hoyer","LVR","QB","666","396","-270","56.06","-1","▼","69","11","6.0","0.00","1","153","43","100","","Mon, Apr 24"
"Drew Lock","SEA","QB","667","396","-271","56.07","-1","▼","71","11","5.9","0.00","1","82","82","40","","Mon, Apr 24"
"Jarrett Stidham","DEN","QB","668","344","-324","56.08","-1","▼","72","11","5.7","0.00","1","153","44","100","","Mon, Apr 24"
"Kurt Benkert","GB","QB","669","396","-273","56.09","-1","▼","73","11","5.3","0.00","1","82","82","100","","Mon, Apr 24"
"P.J. Walker","CHI","QB","670","396","-274","56.10","-1","▼","74","11","4.9","0.00","1","82","82","100","","Mon, Apr 24"
"Teddy Bridgewater","MIA","QB","671","396","-275","56.11","-1","▼","75","11","4.1","0.00","1","153","41","100","","Mon, Apr 24"
"Zach Wilson","NYJ","QB","672","335","-337","56.12","-1","▼","76","11","3.9","0.00","1","153","44","22","","Mon, Apr 24"
"Kyle Allen","BUF","QB","673","396","-277","57.01","-1","▼","77","11","3.7","0.00","1","153","44","100","","Mon, Apr 24"
"Matt Barkley","BUF","QB","674","396","-278","57.02","0","▬","78","11","3.6","0.00","1","82","82","100","","Mon, Apr 24"
"Joe Flacco","NYJ","QB","675","396","-279","57.03","-2","▼","79","11","3.6","0.00","1","153","40","100","","Mon, Apr 24"
"David Blough","ARI","QB","676","396","-280","57.04","-1","▼","80","11","3.1","0.00","1","153","44","100","","Mon, Apr 24"
"David Blough","ARI","QB","677","396","-281","57.05","-2","▼","80","11","3.1","0.00","1","153","44","100","","Mon, Apr 24"
"Random Player","GB","QB","678","396","-282","57.06","0","▬","82","11","0.0","0.00","1","82","82","100","","Mon, Apr 24"
"Random Player","GB","QB","679","396","-283","57.07","-1","▼","82","11","0.0","0.00","1","82","82","100","","Mon, Apr 24"
"Random Player","GB","QB","680","396","-284","57.08","-2","▼","82","11","0.0","0.00","1","82","82","100","","Mon, Apr 24"
"Random Player","GB","QB","681","396","-285","57.09","-3","▼","82","11","0.0","0.00","1","82","82","100","","Mon, Apr 24"
"Random Player","GB","QB","682","396","-286","57.10","-4","▼","82","11","0.0","0.00","1","82","82","100","","Mon, Apr 24"
"Random Player","GB","QB","683","396","-287","57.11","-5","▼","82","11","0.0","0.00","1","82","82","100","","Mon, Apr 24"
"Random Player","GB","QB","684","396","-288","57.12","-6","▼","82","11","0.0","0.00","1","82","82","100","","Mon, Apr 24"
"Shane Buechele","KC","QB","685","396","-289","58.01","-8","▼","82","11","0.0","0.00","1","82","82","100","","Mon, Apr 24"
"Random Player","GB","QB","686","396","-290","58.02","-8","▼","82","11","0.0","0.00","1","82","82","100","","Mon, Apr 24"
"Random Player","GB","QB","687","396","-291","58.03","-9","▼","82","11","0.0","0.00","1","82","82","100","","Mon, Apr 24"
"Random Player","GB","QB","688","396","-292","58.04","-10","▼","82","11","0.0","0.00","1","82","82","100","","Mon, Apr 24"
"Random Player","GB","QB","689","396","-293","58.05","-11","▼","82","11","0.0","0.00","1","82","82","100","","Mon, Apr 24"
"Random Player","GB","QB","690","396","-294","58.06","-12","▼","82","11","0.0","0.00","1","82","82","100","","Mon, Apr 24"
"Random Player","GB","QB","691","396","-295","58.07","-13","▼","82","11","0.0","0.00","1","82","82","100","","Mon, Apr 24"
"Random Player","GB","QB","692","396","-296","58.08","-14","▼","82","11","0.0","0.00","1","82","82","100","","Mon, Apr 24"
"Random Player","GB","QB","693","396","-297","58.09","-15","▼","82","11","0.0","0.00","1","82","82","100","","Mon, Apr 24"
"Random Player","GB","QB","694","396","-298","58.10","-16","▼","82","11","0.0","0.00","1","82","82","100","","Mon, Apr 24"
"Random Player","GB","QB","695","396","-299","58.11","-17","▼","82","11","0.0","0.00","1","82","82","100","","Mon, Apr 24"
"Random Player","GB","QB","696","396","-300","58.12","-18","▼","82","11","0.0","0.00","1","82","82","100","","Mon, Apr 24"
"Random Player","GB","QB","697","396","-301","59.01","-19","▼","82","11","0.0","0.00","1","82","82","100","","Mon, Apr 24"
"Random Player","GB","QB","698","396","-302","59.02","-20","▼","82","11","0.0","0.00","1","82","82","100","","Mon, Apr 24"
"Random Player","GB","QB","699","396","-303","59.03","-21","▼","82","11","0.0","0.00","1","82","82","100","","Mon, Apr 24"
"Random Player","GB","QB","700","396","-304","59.04","-22","▼","82","11","0.0","0.00","1","82","82","100","","Mon, Apr 24"
"Random Player","GB","QB","701","396","-305","59.05","-23","▼","82","11","0.0","0.00","1","82","82","100","","Mon, Apr 24"
"Random Player","GB","QB","702","396","-306","59.06","-24","▼","82","11","0.0","0.00","1","82","82","100","","Mon, Apr 24"
"Random Player","GB","QB","703","396","-307","59.07","-25","▼","82","11","0.0","0.00","1","82","82","100","","Mon, Apr 24"
"Random Player","GB","QB","704","396","-308","59.08","-26","▼","82","11","0.0","0.00","1","82","82","100","","Mon, Apr 24"
"Random Player","GB","QB","705","396","-309","59.09","-27","▼","82","11","0.0","0.00","1","82","82","100","","Mon, Apr 24"
"Random Player","GB","QB","706","396","-310","59.10","-28","▼","82","11","0.0","0.00","1","82","82","100","","Mon, Apr 24"
"Random Player","GB","QB","707","396","-311","59.11","-29","▼","82","11","0.0","0.00","1","82","82","100","","Mon, Apr 24"
"Random Player","GB","QB","708","396","-312","59.12","-30","▼","82","11","0.0","0.00","1","82","82","100","","Mon, Apr 24"
"Random Player","GB","QB","709","396","-313","60.01","-31","▼","82","11","0.0","0.00","1","82","82","100","","Mon, Apr 24"
"Random Player","GB","QB","710","396","-314","60.02","-32","▼","82","11","0.0","0.00","1","82","82","100","","Mon, Apr 24"
"Random Player","GB","QB","711","396","-315","60.03","-33","▼","82","11","0.0","0.00","1","82","82","100","","Mon, Apr 24"
"Random Player","GB","QB","712","396","-316","60.04","-34","▼","82","11","0.0","0.00","1","82","82","100","","Mon, Apr 24"
"Random Player","GB","QB","713","396","-317","60.05","-35","▼","82","11","0.0","0.00","1","82","82","100","","Mon, Apr 24"
"Random Player","GB","QB","714","396","-318","60.06","-36","▼","82","11","0.0","0.00","1","82","82","100","","Mon, Apr 24"
"Random Player","GB","QB","715","396","-319","60.07","-37","▼","82","11","0.0","0.00","1","82","82","100","","Mon, Apr 24"
"Random Player","GB","QB","716","396","-320","60.08","-38","▼","82","11","0.0","0.00","1","82","82","100","","Mon, Apr 24"
"Random Player","GB","QB","717","396","-321","60.09","-39","▼","82","11","0.0","0.00","1","82","82","100","","Mon, Apr 24"
"Random Player","GB","QB","718","396","-322","60.10","-40","▼","82","11","0.0","0.00","1","82","82","100","","Mon, Apr 24"
"Random Player","GB","QB","719","396","-323","60.11","-41","▼","82","11","0.0","0.00","1","82","82","100","","Mon, Apr 24"
"Random Player","GB","QB","720","396","-324","60.12","-42","▼","82","11","0.0","0.00","1","82","82","100","","Mon, Apr 24"
"Random Player","GB","QB","721","396","-325","61.01","-43","▼","82","11","0.0","0.00","1","82","82","100","","Mon, Apr 24"
"Random Player","GB","QB","722","396","-326","61.02","-44","▼","82","11","0.0","0.00","1","82","82","100","","Mon, Apr 24"
"Random Player","GB","QB","723","396","-327","61.03","-45","▼","82","11","0.0","0.00","1","82","82","100","","Mon, Apr 24"
"Random Player","GB","QB","724","396","-328","61.04","-46","▼","82","11","0.0","0.00","1","82","82","100","","Mon, Apr 24"
"Random Player","GB","QB","725","396","-329","61.05","-47","▼","82","11","0.0","0.00","1","82","82","100","","Mon, Apr 24"
"Random Player","GB","QB","726","396","-330","61.06","-48","▼","82","11","0.0","0.00","1","82","82","100","","Mon, Apr 24"
"Random Player","GB","QB","727","396","-331","61.07","-49","▼","82","11","0.0","0.00","1","82","82","100","","Mon, Apr 24"
"Random Player","GB","QB","728","396","-332","61.08","-50","▼","82","11","0.0","0.00","1","82","82","100","","Mon, Apr 24"
"Random Player","GB","QB","729","396","-333","61.09","-51","▼","82","11","0.0","0.00","1","82","82","100","","Mon, Apr 24"
"Random Player","GB","QB","730","396","-334","61.10","-52","▼","82","11","0.0","0.00","1","82","82","100","","Mon, Apr 24"
"Random Player","GB","QB","731","396","-335","61.11","-53","▼","82","11","0.0","0.00","1","82","82","100","","Mon, Apr 24"
"Random Player","GB","QB","732","396","-336","61.12","-54","▼","82","11","0.0","0.00","1","82","82","100","","Mon, Apr 24"
"Random Player","GB","QB","733","396","-337","62.01","-55","▼","82","11","0.0","0.00","1","82","82","100","","Mon, Apr 24"
"Random Player","GB","QB","734","396","-338","62.02","-56","▼","82","11","0.0","0.00","1","82","82","100","","Mon, Apr 24"
"Random Player","GB","QB","735","396","-339","62.03","-57","▼","82","11","0.0","0.00","1","82","82","100","","Mon, Apr 24"
"Random Player","GB","QB","736","396","-340","62.04","-58","▼","82","11","0.0","0.00","1","82","82","100","","Mon, Apr 24"
"Random Player","GB","QB","737","396","-341","62.05","-59","▼","82","11","0.0","0.00","1","82","82","100","","Mon, Apr 24"
"Random Player","GB","QB","738","396","-342","62.06","-60","▼","82","11","0.0","0.00","1","82","82","100","","Mon, Apr 24"
"Davis Mills","HOU","QB","739","337","-402","62.07","-1","▼","82","11","0.0","0.00","1","153","41","38","","Mon, Apr 24"
"Brett Rypien","DEN","QB","740","396","-344","62.08","-1","▼","82","11","0.0","0.00","1","153","44","100","","Mon, Apr 24"
"Will Grier","DAL","QB","741","396","-345","62.09","-1","▼","82","11","0.0","0.00","1","82","82","100","","Mon, Apr 24"
"Nathan Rourke","JAX","QB","742","396","-346","62.10","-1","▼","82","11","0.0","0.00","1","82","82","100","","Mon, Apr 24"
"Jake Browning","CIN","QB","743","396","-347","62.11","-1","▼","82","11","0.0","0.00","1","82","82","100","","Mon, Apr 24"
"Easton Stick","LAC","QB","744","396","-348","62.12","-1","▼","82","11","0.0","0.00","1","82","82","100","","Mon, Apr 24"
"Ian Book","PHI","QB","745","396","-349","63.01","-1","▼","82","11","0.0","0.00","1","82","82","100","","Mon, Apr 24"
"Mason Rudolph","PIT","QB","746","396","-350","63.02","-1","▼","82","11","0.0","0.00","1","82","82","100","","Mon, Apr 24"
"Bryce Perkins","LAR","QB","747","396","-351","63.03","-1","▼","82","11","0.0","0.00","1","153","44","100","","Mon, Apr 24"
"Jake Fromm","WAS","QB","748","396","-352","63.04","-1","▼","82","11","0.0","0.00","1","82","82","100","","Mon, Apr 24"
"Alex Erickson","WAS","WR","749","396","-353","63.05","0","▬","279","11","","","","237","237","100","","Mon, Apr 24"